23/03/2021 09:00,Chesterfield,Howard Schoonmaker,Regular Latte - 2.15,2.15,CASH,
23/03/2021 09:02,Chesterfield,Jeanne Inlow,"Regular Flavoured iced latte - Hazelnut - 2.75, Large Flat white - 2.45",5.20,CARD,2068492353225057
23/03/2021 09:04,Chesterfield,William Schock,"Large Latte - 2.45, Large Flavoured iced latte - Vanilla - 3.25",5.70,CARD,6433735908346909
23/03/2021 09:06,Chesterfield,Ryan Simmons,"Regular Flavoured latte - Hazelnut - 2.55, Large Flat white - 2.45, Regular Latte - 2.15",7.15,CASH,
23/03/2021 09:08,Chesterfield,Anna Glass,"Large Flavoured iced latte - Caramel - 3.25, Regular Latte - 2.15, Regular Flavoured iced latte - Hazelnut - 2.75, Regular Flat white - 2.15, Large Flavoured iced latte - Hazelnut - 3.25",13.55,CARD,7584173293087692
23/03/2021 09:10,Chesterfield,Linda Evans,"Large Flavoured iced latte - Caramel - 3.25, Large Flavoured iced latte - Hazelnut - 3.25, Large Flavoured latte - Hazelnut - 2.85, Large Flavoured iced latte - Hazelnut - 3.25, Regular Flavoured latte - Hazelnut - 2.55, Large Flat white - 2.45",17.60,CARD,2918656594329884
23/03/2021 09:12,Chesterfield,Anthony Saults,"Regular Latte - 2.15, Large Flavoured latte - Hazelnut - 2.85, Large Flat white - 2.45, Regular Flavoured iced latte - Hazelnut - 2.75, Large Flavoured iced latte - Vanilla - 3.25, Regular Latte - 2.15",15.60,CASH,
23/03/2021 09:14,Chesterfield,Jesus Cedillo,Regular Flavoured iced latte - Hazelnut - 2.75,2.75,CARD,4702844231625538
23/03/2021 09:17,Chesterfield,Michael Turner,Large Latte - 2.45,2.45,CARD,3857061930034176
23/03/2021 09:19,Chesterfield,Lee Matsuno,"Regular Flat white - 2.15, Regular Flat white - 2.15, Large Flat white - 2.45",6.75,CASH,
23/03/2021 09:21,Chesterfield,Jordan Stewart,"Large Flavoured latte - Hazelnut - 2.85, Large Latte - 2.45, Large Flavoured iced latte - Vanilla - 3.25, Regular Flat white - 2.15",10.70,CARD,5912540833619478
23/03/2021 09:23,Chesterfield,Denise Alm,Large Flavoured iced latte - Vanilla - 3.25,3.25,CARD,4044097086964273
23/03/2021 09:25,Chesterfield,Kenneth Goff,"Large Flavoured iced latte - Caramel - 3.25, Regular Latte - 2.15, Large Flavoured iced latte - Vanilla - 3.25, Regular Latte - 2.15",10.80,CARD,4461099043586300
23/03/2021 09:27,Chesterfield,Gustavo Sasser,"Large Flat white - 2.45, Large Flavoured iced latte - Vanilla - 3.25",5.70,CARD,4769186884215623
23/03/2021 09:29,Chesterfield,Elizabeth Walter,"Large Flat white - 2.45, Regular Latte - 2.15",4.60,CARD,3548025277284187
23/03/2021 09:32,Chesterfield,Milton Obrien,"Regular Flat white - 2.15, Regular Flavoured latte - Hazelnut - 2.55, Regular Flat white - 2.15",6.85,CASH,
23/03/2021 09:34,Chesterfield,Lucille Anderson,"Regular Flavoured iced latte - Hazelnut - 2.75, Regular Flat white - 2.15",4.90,CASH,
23/03/2021 09:36,Chesterfield,Loretta Kader,"Regular Flavoured iced latte - Caramel - 2.75, Large Flavoured latte - Hazelnut - 2.85",5.60,CARD,8173409259082196
23/03/2021 09:38,Chesterfield,Tisha Harrison,"Regular Flavoured latte - Hazelnut - 2.55, Regular Flavoured latte - Hazelnut - 2.55",5.10,CARD,7580138522770071
23/03/2021 09:40,Chesterfield,Janice Phillips,Large Flavoured latte - Hazelnut - 2.85,2.85,CARD,4161096782010864
23/03/2021 09:42,Chesterfield,Geri Harwood,"Regular Flavoured iced latte - Hazelnut - 2.75, Regular Latte - 2.15, Large Flat white - 2.45, Large Flavoured iced latte - Hazelnut - 3.25, Large Flavoured latte - Hazelnut - 2.85, Regular Flavoured iced latte - Hazelnut - 2.75",16.20,CASH,
23/03/2021 09:44,Chesterfield,Alicia Roberts,Regular Flavoured iced latte - Hazelnut - 2.75,2.75,CARD,3196434960065268
23/03/2021 09:46,Chesterfield,Doyle Morris,"Regular Flat white - 2.15, Large Flavoured iced latte - Caramel - 3.25, Regular Flavoured iced latte - Caramel - 2.75, Large Flavoured iced latte - Caramel - 3.25",11.40,CARD,4236817560537029
23/03/2021 09:49,Chesterfield,Gloria Rape,"Large Flavoured iced latte - Vanilla - 3.25, Regular Latte - 2.15",5.40,CARD,7177233056086778
23/03/2021 09:51,Chesterfield,Daisy Epperson,"Regular Flavoured iced latte - Vanilla - 2.75, Large Flavoured iced latte - Caramel - 3.25, Large Flat white - 2.45",8.45,CARD,3972984478588177
23/03/2021 09:53,Chesterfield,Mary Price,"Regular Flavoured latte - Hazelnut - 2.55, Regular Flavoured latte - Hazelnut - 2.55, Large Flavoured iced latte - Hazelnut - 3.25",8.35,CASH,
23/03/2021 09:55,Chesterfield,Pat Parish,"Large Latte - 2.45, Large Flavoured latte - Hazelnut - 2.85, Large Flavoured iced latte - Caramel - 3.25",8.55,CASH,
23/03/2021 09:57,Chesterfield,Gaston Lim,Regular Flavoured iced latte - Vanilla - 2.75,2.75,CASH,
23/03/2021 09:59,Chesterfield,Ronald Day,"Large Flavoured latte - Hazelnut - 2.85, Regular Flat white - 2.15",5.00,CARD,4081103409642995
23/03/2021 10:01,Chesterfield,Melisa Loyd,"Large Flavoured iced latte - Hazelnut - 3.25, Large Flavoured iced latte - Vanilla - 3.25, Large Flavoured latte - Hazelnut - 2.85, Regular Flat white - 2.15",11.50,CASH,
23/03/2021 10:02,Chesterfield,Carla Carter,"Large Flavoured iced latte - Vanilla - 3.25, Regular Latte - 2.15",5.40,CASH,
23/03/2021 10:03,Chesterfield,Jeremy Wiggs,Regular Latte - 2.15,2.15,CARD,6342953947379311
23/03/2021 10:04,Chesterfield,Jonathan Cushenberry,Large Latte - 2.45,2.45,CARD,1248125292946961
23/03/2021 10:05,Chesterfield,Francis Campbell,Regular Flavoured iced latte - Vanilla - 2.75,2.75,CARD,1026860979688991
23/03/2021 10:06,Chesterfield,Joan Manternach,"Regular Flat white - 2.15, Regular Flat white - 2.15, Regular Flavoured iced latte - Hazelnut - 2.75",7.05,CARD,5439152781386045
23/03/2021 10:07,Chesterfield,Joanne Lay,"Regular Flavoured iced latte - Vanilla - 2.75, Large Latte - 2.45, Large Flavoured iced latte - Hazelnut - 3.25, Regular Latte - 2.15",10.60,CARD,2794834013940991
23/03/2021 10:08,Chesterfield,Eleanor Washington,"Regular Flavoured latte - Hazelnut - 2.55, Large Flavoured latte - Hazelnut - 2.85, Large Flat white - 2.45",7.85,CARD,1294412112373671
23/03/2021 10:09,Chesterfield,Gino Hollingsworth,"Large Flavoured iced latte - Caramel - 3.25, Regular Flavoured iced latte - Vanilla - 2.75, Large Flat white - 2.45, Large Latte - 2.45",10.90,CARD,4935726761347502
23/03/2021 10:10,Chesterfield,Timothy Mann,Regular Flavoured iced latte - Vanilla - 2.75,2.75,CARD,1170481874828559
23/03/2021 10:11,Chesterfield,Pauline Jennins,"Regular Flat white - 2.15, Regular Flavoured latte - Hazelnut - 2.55, Large Flavoured iced latte - Caramel - 3.25",7.95,CARD,6152485119662885
23/03/2021 10:12,Chesterfield,Justin West,Large Flavoured iced latte - Hazelnut - 3.25,3.25,CARD,4727795264665634
23/03/2021 10:13,Chesterfield,Leonard Ferguson,"Regular Flavoured iced latte - Caramel - 2.75, Large Flavoured iced latte - Caramel - 3.25, Regular Flavoured latte - Hazelnut - 2.55, Regular Flavoured latte - Hazelnut - 2.55, Large Flavoured iced latte - Vanilla - 3.25",14.35,CARD,8128536363595248
23/03/2021 10:14,Chesterfield,Vicente Boling,"Large Flavoured iced latte - Hazelnut - 3.25, Large Flavoured iced latte - Caramel - 3.25, Regular Flavoured iced latte - Vanilla - 2.75, Large Flat white - 2.45",11.70,CASH,
23/03/2021 10:15,Chesterfield,Jeffry Osborne,"Large Flavoured iced latte - Vanilla - 3.25, Regular Flavoured iced latte - Vanilla - 2.75, Regular Flavoured iced latte - Hazelnut - 2.75",8.75,CARD,8116657293095479
23/03/2021 10:16,Chesterfield,Elmer Abernethy,"Large Flavoured latte - Hazelnut - 2.85, Regular Flat white - 2.15",5.00,CASH,
23/03/2021 10:17,Chesterfield,Alexander Mull,"Regular Flat white - 2.15, Regular Flavoured iced latte - Caramel - 2.75, Regular Flavoured iced latte - Hazelnut - 2.75",7.65,CARD,6111016331982286
23/03/2021 10:18,Chesterfield,Philip Caban,Large Flavoured iced latte - Vanilla - 3.25,3.25,CARD,5187832735546139
23/03/2021 10:19,Chesterfield,Christopher Berry,"Large Flavoured latte - Hazelnut - 2.85, Regular Flavoured iced latte - Caramel - 2.75, Large Flavoured latte - Hazelnut - 2.85, Regular Flavoured iced latte - Vanilla - 2.75, Large Flat white - 2.45, Large Latte - 2.45",16.10,CASH,
23/03/2021 10:20,Chesterfield,Justin Neal,"Large Flavoured iced latte - Caramel - 3.25, Large Flat white - 2.45, Large Flavoured latte - Hazelnut - 2.85, Large Flat white - 2.45",11.00,CARD,1815737165029069
23/03/2021 10:21,Chesterfield,Sam Underwood,"Regular Flavoured iced latte - Hazelnut - 2.75, Regular Flavoured iced latte - Vanilla - 2.75, Large Flavoured iced latte - Caramel - 3.25, Large Latte - 2.45, Regular Flavoured iced latte - Caramel - 2.75",13.95,CASH,
23/03/2021 10:22,Chesterfield,Bertha Pipkin,Regular Flavoured iced latte - Caramel - 2.75,2.75,CASH,
23/03/2021 10:23,Chesterfield,April Mcdonald,Large Flavoured iced latte - Vanilla - 3.25,3.25,CARD,6913995460162308
23/03/2021 10:24,Chesterfield,Doris Curl,"Large Flavoured iced latte - Vanilla - 3.25, Regular Flavoured iced latte - Hazelnut - 2.75",6.00,CASH,
23/03/2021 10:25,Chesterfield,Beverly Fauver,"Regular Flat white - 2.15, Regular Latte - 2.15, Regular Flat white - 2.15, Regular Flavoured iced latte - Caramel - 2.75",9.20,CASH,
23/03/2021 10:26,Chesterfield,Joshua Egan,Large Flavoured iced latte - Hazelnut - 3.25,3.25,CASH,
23/03/2021 10:27,Chesterfield,Cheryl Slade,"Large Flavoured iced latte - Vanilla - 3.25, Large Latte - 2.45, Large Flavoured iced latte - Caramel - 3.25, Large Flavoured iced latte - Hazelnut - 3.25",12.20,CASH,
23/03/2021 10:27,Chesterfield,Christopher Croft,"Regular Flavoured iced latte - Caramel - 2.75, Large Flat white - 2.45, Large Flavoured iced latte - Caramel - 3.25",8.45,CARD,8314083926795110
23/03/2021 10:28,Chesterfield,Janet Thompson,Large Latte - 2.45,2.45,CARD,5357296253807329
23/03/2021 10:29,Chesterfield,Andrea Pritchard,"Regular Flat white - 2.15, Large Flavoured iced latte - Hazelnut - 3.25, Large Latte - 2.45, Large Latte - 2.45, Regular Flat white - 2.15",12.45,CASH,
23/03/2021 10:30,Chesterfield,Eduardo Jackson,"Regular Flat white - 2.15, Large Flavoured iced latte - Caramel - 3.25, Large Flat white - 2.45, Regular Flavoured iced latte - Caramel - 2.75",10.60,CASH,
23/03/2021 10:31,Chesterfield,Ila Hall,"Large Flavoured iced latte - Hazelnut - 3.25, Large Flavoured iced latte - Hazelnut - 3.25, Large Flat white - 2.45",8.95,CASH,
23/03/2021 10:32,Chesterfield,Elizabeth Hudman,"Large Flavoured iced latte - Vanilla - 3.25, Regular Latte - 2.15, Regular Flat white - 2.15, Large Flavoured latte - Hazelnut - 2.85, Regular Flavoured iced latte - Hazelnut - 2.75, Regular Flavoured iced latte - Caramel - 2.75",15.90,CARD,8624859125197779
23/03/2021 10:33,Chesterfield,Daisy Baxter,"Large Flavoured iced latte - Caramel - 3.25, Regular Flat white - 2.15, Large Flavoured iced latte - Vanilla - 3.25, Large Flavoured iced latte - Vanilla - 3.25",11.90,CARD,7815013070387995
23/03/2021 10:34,Chesterfield,Karen Johnson,Regular Flavoured latte - Hazelnut - 2.55,2.55,CARD,3206475110118577
23/03/2021 10:35,Chesterfield,James Mcpeak,"Large Flavoured iced latte - Caramel - 3.25, Large Flavoured iced latte - Hazelnut - 3.25, Regular Flavoured iced latte - Hazelnut - 2.75, Regular Flavoured iced latte - Hazelnut - 2.75",12.00,CARD,2229855758367920
23/03/2021 10:36,Chesterfield,Emilio Davila,"Large Latte - 2.45, Regular Flavoured latte - Hazelnut - 2.55, Regular Flavoured latte - Hazelnut - 2.55",7.55,CARD,4906517038841295
23/03/2021 10:37,Chesterfield,Julie Irish,"Regular Flavoured iced latte - Caramel - 2.75, Large Flat white - 2.45, Regular Flavoured latte - Hazelnut - 2.55, Large Latte - 2.45, Regular Flavoured iced latte - Hazelnut - 2.75",12.95,CASH,
23/03/2021 10:38,Chesterfield,Carly Honaker,"Large Flavoured latte - Hazelnut - 2.85, Large Flat white - 2.45, Regular Flavoured iced latte - Hazelnut - 2.75",8.05,CASH,
23/03/2021 10:39,Chesterfield,Eric Patterson,"Large Flat white - 2.45, Regular Flavoured iced latte - Vanilla - 2.75",5.20,CARD,4135294665172892
23/03/2021 10:40,Chesterfield,Lillian Paladino,Regular Flat white - 2.15,2.15,CASH,
23/03/2021 10:41,Chesterfield,Denice Samuel,"Large Flavoured iced latte - Vanilla - 3.25, Large Flavoured iced latte - Hazelnut - 3.25, Large Latte - 2.45",8.95,CARD,5149466704860404
23/03/2021 10:42,Chesterfield,Kelley Fontaine,"Large Latte - 2.45, Regular Flavoured iced latte - Caramel - 2.75",5.20,CASH,
23/03/2021 10:43,Chesterfield,Christopher Copeland,Large Flavoured iced latte - Caramel - 3.25,3.25,CASH,
23/03/2021 10:44,Chesterfield,Bernice Goon,Large Flavoured latte - Hazelnut - 2.85,2.85,CARD,8696748259838098
23/03/2021 10:45,Chesterfield,Jessie Silva,Large Flat white - 2.45,2.45,CARD,7743128945295320
23/03/2021 10:46,Chesterfield,John Martinez,"Regular Flavoured iced latte - Hazelnut - 2.75, Regular Flavoured iced latte - Hazelnut - 2.75",5.50,CARD,8244151450239793
23/03/2021 10:47,Chesterfield,Rodrigo Dickerson,"Large Flavoured iced latte - Vanilla - 3.25, Regular Flavoured latte - Hazelnut - 2.55, Large Flavoured iced latte - Hazelnut - 3.25",9.05,CARD,8383592535786951
23/03/2021 10:48,Chesterfield,Joseph Rivas,"Large Flavoured iced latte - Caramel - 3.25, Large Flavoured iced latte - Hazelnut - 3.25, Large Flat white - 2.45, Large Flavoured iced latte - Vanilla - 3.25, Regular Flavoured iced latte - Vanilla - 2.75, Large Flavoured iced latte - Hazelnut - 3.25",18.20,CARD,4274870650746030
23/03/2021 10:49,Chesterfield,Anthony Coleman,"Large Flavoured iced latte - Vanilla - 3.25, Large Flavoured latte - Hazelnut - 2.85",6.10,CARD,5894975147814177
23/03/2021 10:50,Chesterfield,Robert Pace,"Regular Flavoured iced latte - Vanilla - 2.75, Regular Latte - 2.15, Large Flat white - 2.45, Large Flavoured iced latte - Vanilla - 3.25, Large Latte - 2.45",13.05,CARD,7038410552934147
23/03/2021 10:51,Chesterfield,Kristy Wells,"Large Flavoured iced latte - Hazelnut - 3.25, Large Flavoured latte - Hazelnut - 2.85, Regular Flavoured iced latte - Caramel - 2.75, Regular Flavoured iced latte - Vanilla - 2.75",11.60,CARD,6114028510362484
23/03/2021 10:52,Chesterfield,Roland Mason,"Large Flat white - 2.45, Regular Flavoured iced latte - Hazelnut - 2.75, Regular Latte - 2.15",7.35,CARD,9322569841989847
23/03/2021 10:53,Chesterfield,Virginia Holmes,"Large Flavoured iced latte - Caramel - 3.25, Large Flavoured iced latte - Hazelnut - 3.25, Regular Latte - 2.15",8.65,CARD,5600145149908660
23/03/2021 10:54,Chesterfield,Frank Wallace,"Regular Flavoured iced latte - Vanilla - 2.75, Regular Flat white - 2.15, Large Flavoured iced latte - Hazelnut - 3.25, Regular Flavoured latte - Hazelnut - 2.55, Regular Flavoured iced latte - Caramel - 2.75",13.45,CARD,8809803373536242
23/03/2021 10:55,Chesterfield,Theresa Fraizer,"Regular Flavoured iced latte - Vanilla - 2.75, Large Flavoured latte - Hazelnut - 2.85, Regular Flavoured iced latte - Caramel - 2.75",8.35,CASH,
23/03/2021 10:56,Chesterfield,Joseph Verkamp,"Regular Flavoured iced latte - Vanilla - 2.75, Large Flat white - 2.45, Regular Flavoured iced latte - Caramel - 2.75",7.95,CARD,5994126030405371
23/03/2021 10:56,Chesterfield,Andrea Perkins,"Large Flavoured iced latte - Caramel - 3.25, Large Flat white - 2.45, Large Latte - 2.45, Regular Flavoured iced latte - Vanilla - 2.75",10.90,CARD,3744014067091251
23/03/2021 10:57,Chesterfield,Barbara Hardman,"Regular Flavoured iced latte - Vanilla - 2.75, Regular Flat white - 2.15, Regular Latte - 2.15, Large Flavoured iced latte - Hazelnut - 3.25",10.30,CARD,4558966171781406
23/03/2021 10:58,Chesterfield,Stephen Mochizuki,"Large Flavoured iced latte - Hazelnut - 3.25, Regular Latte - 2.15",5.40,CARD,8191902084076669
23/03/2021 10:59,Chesterfield,John Newman,Large Flavoured iced latte - Caramel - 3.25,3.25,CARD,8193223145802627
23/03/2021 11:00,Chesterfield,Brian Wilson,"Large Flavoured iced latte - Vanilla - 3.25, Regular Flavoured iced latte - Hazelnut - 2.75, Large Flat white - 2.45",8.45,CARD,1963114698153945
23/03/2021 11:03,Chesterfield,Kathleen Ayers,"Large Latte - 2.45, Regular Flat white - 2.15",4.60,CASH,
23/03/2021 11:06,Chesterfield,Jeremy Dubois,"Large Flat white - 2.45, Regular Flavoured iced latte - Vanilla - 2.75",5.20,CARD,2945253267162238
23/03/2021 11:08,Chesterfield,Paul Bella,"Regular Latte - 2.15, Large Flat white - 2.45, Large Flat white - 2.45, Regular Flavoured iced latte - Caramel - 2.75, Regular Flavoured iced latte - Hazelnut - 2.75, Regular Flavoured latte - Hazelnut - 2.55",15.10,CASH,
23/03/2021 11:11,Chesterfield,Maria Miyamoto,Large Flavoured latte - Hazelnut - 2.85,2.85,CASH,
23/03/2021 11:13,Chesterfield,Larry Stemple,Regular Flavoured iced latte - Hazelnut - 2.75,2.75,CASH,
23/03/2021 11:16,Chesterfield,Maggie Watkins,"Regular Flavoured latte - Hazelnut - 2.55, Large Flavoured latte - Hazelnut - 2.85",5.40,CARD,2595605559399838
23/03/2021 11:19,Chesterfield,Gladys Aldridge,"Regular Flavoured iced latte - Caramel - 2.75, Large Flavoured iced latte - Hazelnut - 3.25, Large Latte - 2.45, Large Latte - 2.45, Regular Flavoured iced latte - Vanilla - 2.75, Regular Flavoured iced latte - Caramel - 2.75",16.40,CASH,
23/03/2021 11:21,Chesterfield,Louise Laws,"Large Flavoured iced latte - Hazelnut - 3.25, Large Latte - 2.45",5.70,CARD,5956723494975785
23/03/2021 11:24,Chesterfield,Alvin Kemp,Regular Flavoured iced latte - Vanilla - 2.75,2.75,CASH,
23/03/2021 11:26,Chesterfield,Thomas Petersen,"Large Flavoured latte - Hazelnut - 2.85, Regular Flavoured latte - Hazelnut - 2.55, Regular Flat white - 2.15, Large Latte - 2.45, Large Flavoured iced latte - Caramel - 3.25, Regular Latte - 2.15",15.40,CASH,
23/03/2021 11:29,Chesterfield,Sandy Anderson,"Regular Flavoured iced latte - Hazelnut - 2.75, Regular Flavoured latte - Hazelnut - 2.55, Large Flavoured iced latte - Hazelnut - 3.25, Regular Flavoured iced latte - Caramel - 2.75, Regular Flat white - 2.15",13.45,CASH,
23/03/2021 11:32,Chesterfield,Jessica Noga,"Large Flat white - 2.45, Regular Flavoured iced latte - Hazelnut - 2.75, Regular Latte - 2.15",7.35,CASH,
23/03/2021 11:34,Chesterfield,Anna Bergstrom,"Regular Flat white - 2.15, Large Flat white - 2.45, Regular Flavoured iced latte - Caramel - 2.75",7.35,CASH,
23/03/2021 11:37,Chesterfield,Jessica Wessel,"Large Flavoured iced latte - Vanilla - 3.25, Regular Flavoured iced latte - Caramel - 2.75, Regular Flavoured iced latte - Hazelnut - 2.75",8.75,CASH,
23/03/2021 11:39,Chesterfield,William Srey,"Regular Flavoured iced latte - Hazelnut - 2.75, Large Flavoured iced latte - Hazelnut - 3.25, Regular Flavoured iced latte - Hazelnut - 2.75, Large Latte - 2.45",11.20,CARD,3522295658241999
23/03/2021 11:42,Chesterfield,Nelida Vasquez,"Large Flavoured latte - Hazelnut - 2.85, Large Flavoured iced latte - Hazelnut - 3.25",6.10,CARD,2450914757237201
23/03/2021 11:45,Chesterfield,John Lopinto,"Regular Latte - 2.15, Regular Flavoured iced latte - Caramel - 2.75, Regular Flat white - 2.15, Large Flavoured iced latte - Vanilla - 3.25",10.30,CARD,5858430394295428
23/03/2021 11:47,Chesterfield,Kathy Patterson,"Regular Flavoured iced latte - Hazelnut - 2.75, Regular Flavoured iced latte - Vanilla - 2.75, Large Flavoured iced latte - Hazelnut - 3.25",8.75,CASH,
23/03/2021 11:50,Chesterfield,Wanda Mccarville,"Large Flavoured iced latte - Hazelnut - 3.25, Regular Flavoured iced latte - Vanilla - 2.75, Large Flavoured latte - Hazelnut - 2.85, Regular Flat white - 2.15",11.00,CARD,1289769125910660
23/03/2021 11:52,Chesterfield,Maxine Kearsley,"Regular Flavoured iced latte - Caramel - 2.75, Large Flat white - 2.45",5.20,CARD,6958528943371201
23/03/2021 11:55,Chesterfield,Janet Elston,"Large Flat white - 2.45, Regular Flavoured iced latte - Caramel - 2.75, Regular Flavoured iced latte - Hazelnut - 2.75, Large Flavoured iced latte - Vanilla - 3.25",11.20,CASH,
23/03/2021 11:58,Chesterfield,John Barrett,Large Flavoured iced latte - Hazelnut - 3.25,3.25,CARD,4897217360945347
23/03/2021 12:00,Chesterfield,Nancy Fox,"Regular Flat white - 2.15, Regular Latte - 2.15, Large Flat white - 2.45, Large Flavoured iced latte - Hazelnut - 3.25, Regular Flat white - 2.15, Regular Latte - 2.15",14.30,CARD,6177659913671349
23/03/2021 12:05,Chesterfield,Mike Crane,"Large Flavoured iced latte - Hazelnut - 3.25, Regular Flat white - 2.15, Large Flat white - 2.45, Regular Flavoured iced latte - Caramel - 2.75",10.60,CASH,
23/03/2021 12:09,Chesterfield,Dallas Aubert,"Regular Latte - 2.15, Large Flavoured iced latte - Vanilla - 3.25, Regular Flavoured iced latte - Hazelnut - 2.75, Large Flavoured iced latte - Vanilla - 3.25",11.40,CARD,5439810706648871
23/03/2021 12:14,Chesterfield,Manuel Mcgown,"Regular Flavoured iced latte - Hazelnut - 2.75, Regular Flavoured latte - Hazelnut - 2.55, Large Flavoured iced latte - Vanilla - 3.25, Regular Flat white - 2.15, Large Flat white - 2.45, Regular Flavoured iced latte - Caramel - 2.75",15.90,CARD,3944537705661362
23/03/2021 12:19,Chesterfield,Ben Ramsour,Large Latte - 2.45,2.45,CARD,6928269561709487
23/03/2021 12:23,Chesterfield,Donna Gorman,Regular Flavoured iced latte - Hazelnut - 2.75,2.75,CARD,1354677512168917
23/03/2021 12:28,Chesterfield,Jessica Gibson,Large Flavoured iced latte - Hazelnut - 3.25,3.25,CARD,5517044797064519
23/03/2021 12:32,Chesterfield,Donald Morris,"Regular Flat white - 2.15, Regular Flavoured iced latte - Caramel - 2.75, Regular Flavoured iced latte - Caramel - 2.75, Regular Latte - 2.15",9.80,CARD,7745157055390673
23/03/2021 12:37,Chesterfield,Celeste Kinney,"Large Flavoured latte - Hazelnut - 2.85, Regular Flat white - 2.15",5.00,CASH,
23/03/2021 12:42,Chesterfield,Amanda Lawrence,"Large Flavoured latte - Hazelnut - 2.85, Large Flavoured latte - Hazelnut - 2.85, Large Latte - 2.45",8.15,CASH,
23/03/2021 12:46,Chesterfield,Marina Borders,"Regular Flavoured iced latte - Hazelnut - 2.75, Regular Latte - 2.15",4.90,CARD,5600841657133246
23/03/2021 12:51,Chesterfield,Robert Byrnes,"Regular Flat white - 2.15, Regular Latte - 2.15, Large Flavoured latte - Hazelnut - 2.85, Large Flavoured iced latte - Caramel - 3.25, Large Flavoured iced latte - Caramel - 3.25, Regular Flavoured iced latte - Vanilla - 2.75",16.40,CARD,2318105871413251
23/03/2021 12:55,Chesterfield,Joan Hirth,"Large Flavoured iced latte - Vanilla - 3.25, Regular Latte - 2.15, Regular Flavoured iced latte - Vanilla - 2.75",8.15,CARD,1830234200643471
23/03/2021 13:00,Chesterfield,Thomas Zepp,"Large Flavoured iced latte - Vanilla - 3.25, Regular Flat white - 2.15, Regular Flavoured iced latte - Hazelnut - 2.75, Regular Flavoured iced latte - Caramel - 2.75",10.90,CARD,6191578065462605
23/03/2021 13:02,Chesterfield,Roxy Fett,"Large Flavoured iced latte - Hazelnut - 3.25, Regular Flavoured iced latte - Caramel - 2.75, Regular Flavoured iced latte - Vanilla - 2.75, Regular Flavoured iced latte - Caramel - 2.75",11.50,CARD,6222501927707165
23/03/2021 13:04,Chesterfield,Jeffrey Hart,"Regular Flavoured iced latte - Hazelnut - 2.75, Regular Flavoured iced latte - Hazelnut - 2.75, Regular Latte - 2.15, Large Latte - 2.45",10.10,CARD,4220671225227100
23/03/2021 13:06,Chesterfield,Ernie Mchugh,"Large Flavoured iced latte - Caramel - 3.25, Regular Flavoured iced latte - Hazelnut - 2.75, Large Flavoured latte - Hazelnut - 2.85, Regular Flavoured latte - Hazelnut - 2.55",11.40,CARD,2765743014623808
23/03/2021 13:08,Chesterfield,Lynn Luhman,"Large Flavoured iced latte - Hazelnut - 3.25, Large Flat white - 2.45",5.70,CASH,
23/03/2021 13:10,Chesterfield,Amy Rodrigues,"Regular Flavoured iced latte - Caramel - 2.75, Regular Flat white - 2.15",4.90,CARD,6685839759735050
23/03/2021 13:12,Chesterfield,Carlos Aguilar,"Regular Flavoured iced latte - Hazelnut - 2.75, Large Flavoured iced latte - Vanilla - 3.25",6.00,CASH,
23/03/2021 13:14,Chesterfield,Betty Schultz,"Regular Flavoured iced latte - Caramel - 2.75, Regular Flavoured iced latte - Hazelnut - 2.75, Regular Flat white - 2.15, Large Flavoured iced latte - Hazelnut - 3.25",10.90,CASH,
23/03/2021 13:17,Chesterfield,Betty Hester,"Large Flavoured iced latte - Caramel - 3.25, Large Flavoured latte - Hazelnut - 2.85, Regular Flavoured iced latte - Vanilla - 2.75",8.85,CARD,1966968915595651
23/03/2021 13:19,Chesterfield,Ruth Pimenta,"Regular Flavoured iced latte - Hazelnut - 2.75, Large Flat white - 2.45, Regular Flavoured latte - Hazelnut - 2.55, Large Flavoured iced latte - Hazelnut - 3.25",11.00,CARD,4348213500685877
23/03/2021 13:21,Chesterfield,Paul Watson,"Large Flavoured latte - Hazelnut - 2.85, Regular Flat white - 2.15, Large Flavoured latte - Hazelnut - 2.85, Regular Flavoured latte - Hazelnut - 2.55",10.40,CASH,
23/03/2021 13:23,Chesterfield,Anna Scheetz,"Large Flat white - 2.45, Regular Flavoured latte - Hazelnut - 2.55, Regular Flavoured iced latte - Hazelnut - 2.75",7.75,CARD,1718411049737605
23/03/2021 13:25,Chesterfield,Seth Bowles,"Regular Flavoured iced latte - Vanilla - 2.75, Regular Latte - 2.15",4.90,CASH,
23/03/2021 13:27,Chesterfield,Nancy Hockman,"Large Flat white - 2.45, Regular Flavoured iced latte - Vanilla - 2.75, Regular Flat white - 2.15",7.35,CARD,4114823414116835
23/03/2021 13:29,Chesterfield,Jay Funderburk,"Regular Flavoured latte - Hazelnut - 2.55, Large Flat white - 2.45, Regular Flavoured latte - Hazelnut - 2.55",7.55,CARD,4527872532211071
23/03/2021 13:31,Chesterfield,James Folkerts,Regular Flavoured iced latte - Vanilla - 2.75,2.75,CASH,
23/03/2021 13:33,Chesterfield,Joe Lardizabal,"Large Flavoured iced latte - Caramel - 3.25, Regular Flavoured iced latte - Vanilla - 2.75",6.00,CARD,8047957281428439
23/03/2021 13:35,Chesterfield,William Sanders,Regular Flavoured latte - Hazelnut - 2.55,2.55,CARD,5775300847447974
23/03/2021 13:37,Chesterfield,Sandra Coble,"Large Flavoured iced latte - Vanilla - 3.25, Regular Flavoured iced latte - Hazelnut - 2.75, Large Flavoured iced latte - Caramel - 3.25",9.25,CARD,6294320981324321
23/03/2021 13:39,Chesterfield,Chris Young,"Regular Flavoured iced latte - Hazelnut - 2.75, Regular Flavoured iced latte - Caramel - 2.75, Regular Flavoured iced latte - Caramel - 2.75",8.25,CARD,1698711975564920
23/03/2021 13:41,Chesterfield,Ruby Lawson,Regular Flavoured iced latte - Hazelnut - 2.75,2.75,CARD,9814247084101108
23/03/2021 13:43,Chesterfield,Barbara Charan,"Large Flavoured iced latte - Vanilla - 3.25, Large Flavoured latte - Hazelnut - 2.85, Large Flavoured latte - Hazelnut - 2.85, Regular Flavoured iced latte - Hazelnut - 2.75, Large Flavoured iced latte - Vanilla - 3.25",14.95,CARD,7841427237125154
23/03/2021 13:45,Chesterfield,Barbara Hillman,Regular Flavoured iced latte - Hazelnut - 2.75,2.75,CARD,2997826522520178
23/03/2021 13:48,Chesterfield,Jackie Russo,"Regular Flavoured latte - Hazelnut - 2.55, Large Flavoured latte - Hazelnut - 2.85, Regular Flat white - 2.15, Large Flavoured iced latte - Hazelnut - 3.25, Regular Flavoured iced latte - Caramel - 2.75",13.55,CASH,
23/03/2021 13:50,Chesterfield,Carlos Stone,Large Flavoured iced latte - Caramel - 3.25,3.25,CASH,
23/03/2021 13:52,Chesterfield,Josephine Staples,"Large Flavoured latte - Hazelnut - 2.85, Regular Flavoured iced latte - Vanilla - 2.75, Regular Flat white - 2.15, Regular Latte - 2.15, Regular Latte - 2.15, Regular Flavoured iced latte - Caramel - 2.75",14.80,CARD,5580599097225765
23/03/2021 13:54,Chesterfield,Dusti Burrows,"Large Flavoured iced latte - Vanilla - 3.25, Regular Flat white - 2.15, Large Flavoured iced latte - Hazelnut - 3.25, Large Flavoured iced latte - Vanilla - 3.25, Large Flat white - 2.45, Regular Flavoured latte - Hazelnut - 2.55",16.90,CARD,2192306744027512
23/03/2021 13:56,Chesterfield,Joni Hogue,"Large Flat white - 2.45, Large Flavoured iced latte - Caramel - 3.25, Large Flat white - 2.45, Large Latte - 2.45",10.60,CASH,
23/03/2021 13:58,Chesterfield,Joshua Nye,"Large Flavoured latte - Hazelnut - 2.85, Large Flavoured iced latte - Hazelnut - 3.25",6.10,CARD,1120028908509619
23/03/2021 14:00,Chesterfield,Barbara Chen,Regular Flavoured iced latte - Hazelnut - 2.75,2.75,CARD,5833049861244138
23/03/2021 14:01,Chesterfield,Elizabeth Cruse,Regular Flavoured latte - Hazelnut - 2.55,2.55,CASH,
23/03/2021 14:02,Chesterfield,Patsy Tinoco,"Regular Flavoured latte - Hazelnut - 2.55, Regular Flavoured iced latte - Vanilla - 2.75",5.30,CASH,
23/03/2021 14:04,Chesterfield,Randy Harvey,"Large Flavoured latte - Hazelnut - 2.85, Regular Flavoured iced latte - Caramel - 2.75, Regular Flavoured iced latte - Hazelnut - 2.75",8.35,CARD,4698532497648543
23/03/2021 14:05,Chesterfield,Paul Clark,Regular Flavoured iced latte - Hazelnut - 2.75,2.75,CARD,5422804359482255
23/03/2021 14:06,Chesterfield,Wade Whitney,"Large Flavoured iced latte - Vanilla - 3.25, Large Flavoured iced latte - Hazelnut - 3.25, Regular Flavoured latte - Hazelnut - 2.55",9.05,CARD,6467823280275739
23/03/2021 14:08,Chesterfield,Edward Shimmin,"Large Flavoured latte - Hazelnut - 2.85, Regular Flavoured iced latte - Hazelnut - 2.75, Large Flavoured iced latte - Vanilla - 3.25",8.85,CASH,
23/03/2021 14:09,Chesterfield,Larissa Howard,"Large Flat white - 2.45, Large Latte - 2.45, Large Flavoured latte - Hazelnut - 2.85, Regular Flavoured iced latte - Caramel - 2.75, Regular Latte - 2.15",12.65,CARD,2320969343891745
23/03/2021 14:10,Chesterfield,Jessie Vaughn,"Large Flat white - 2.45, Large Flavoured iced latte - Caramel - 3.25",5.70,CASH,
23/03/2021 14:11,Chesterfield,Myra Denson,"Regular Flavoured iced latte - Hazelnut - 2.75, Large Flavoured iced latte - Caramel - 3.25, Large Flat white - 2.45, Regular Flavoured iced latte - Hazelnut - 2.75, Regular Latte - 2.15",13.35,CARD,9781124298827233
23/03/2021 14:13,Chesterfield,Keith Johnson,Large Latte - 2.45,2.45,CARD,6238678256134998
23/03/2021 14:14,Chesterfield,Ruth Woodford,"Large Latte - 2.45, Large Flat white - 2.45, Regular Flavoured iced latte - Caramel - 2.75, Large Latte - 2.45, Large Flat white - 2.45",12.55,CASH,
23/03/2021 14:15,Chesterfield,Candace Kemp,"Large Flavoured iced latte - Vanilla - 3.25, Large Flavoured latte - Hazelnut - 2.85",6.10,CASH,
23/03/2021 14:16,Chesterfield,Shelby Mccrary,"Regular Latte - 2.15, Regular Flavoured iced latte - Hazelnut - 2.75, Regular Flavoured latte - Hazelnut - 2.55",7.45,CARD,6786880128248201
23/03/2021 14:18,Chesterfield,Patrick Williams,"Large Flavoured iced latte - Caramel - 3.25, Regular Latte - 2.15, Regular Flavoured iced latte - Caramel - 2.75, Regular Flavoured iced latte - Caramel - 2.75, Large Flavoured iced latte - Caramel - 3.25",14.15,CASH,
23/03/2021 14:19,Chesterfield,Dedra Stinnett,"Regular Flavoured iced latte - Caramel - 2.75, Regular Flavoured iced latte - Vanilla - 2.75",5.50,CARD,1353866816113002
23/03/2021 14:20,Chesterfield,Barbara Reding,"Regular Flat white - 2.15, Regular Flavoured iced latte - Caramel - 2.75, Regular Flavoured iced latte - Vanilla - 2.75, Large Flavoured latte - Hazelnut - 2.85, Regular Flavoured iced latte - Hazelnut - 2.75",13.25,CARD,4054626953159687
23/03/2021 14:21,Chesterfield,Vanessa Freeman,"Large Flavoured iced latte - Vanilla - 3.25, Large Flavoured iced latte - Vanilla - 3.25, Large Flavoured iced latte - Vanilla - 3.25, Regular Latte - 2.15, Large Flavoured latte - Hazelnut - 2.85",14.75,CARD,2261296884992784
23/03/2021 14:23,Chesterfield,Frank Bryand,Large Flavoured iced latte - Caramel - 3.25,3.25,CARD,9760250197788598
23/03/2021 14:24,Chesterfield,Angel Ash,"Large Flavoured iced latte - Vanilla - 3.25, Regular Flat white - 2.15",5.40,CARD,1395266926607509
23/03/2021 14:25,Chesterfield,Michael Brumfield,"Large Flavoured iced latte - Caramel - 3.25, Regular Flavoured iced latte - Vanilla - 2.75",6.00,CARD,3773942895969075
23/03/2021 14:27,Chesterfield,Patricia Harris,Regular Flat white - 2.15,2.15,CASH,
23/03/2021 14:28,Chesterfield,Steven Crow,"Regular Flavoured latte - Hazelnut - 2.55, Regular Flavoured iced latte - Vanilla - 2.75, Large Flavoured iced latte - Caramel - 3.25",8.55,CARD,6391679097275758
23/03/2021 14:29,Chesterfield,Christopher Jenkins,"Regular Flavoured iced latte - Hazelnut - 2.75, Large Flavoured iced latte - Caramel - 3.25, Large Flavoured iced latte - Caramel - 3.25",9.25,CARD,2977066960815745
23/03/2021 14:30,Chesterfield,Irene Burris,"Large Flavoured iced latte - Vanilla - 3.25, Regular Flavoured iced latte - Caramel - 2.75, Large Latte - 2.45, Large Flavoured latte - Hazelnut - 2.85",11.30,CASH,
23/03/2021 14:32,Chesterfield,Harold Banda,"Regular Flavoured iced latte - Vanilla - 2.75, Large Flavoured iced latte - Vanilla - 3.25",6.00,CASH,
23/03/2021 14:33,Chesterfield,Maria Hellman,"Large Flavoured iced latte - Caramel - 3.25, Regular Flat white - 2.15, Regular Flavoured iced latte - Hazelnut - 2.75",8.15,CARD,3563618537867672
23/03/2021 14:34,Chesterfield,Joseph Rudolph,"Large Latte - 2.45, Regular Flavoured iced latte - Hazelnut - 2.75",5.20,CARD,2470162109189630
23/03/2021 14:35,Chesterfield,William Pointer,Regular Flavoured iced latte - Hazelnut - 2.75,2.75,CARD,3592814795689314
23/03/2021 14:37,Chesterfield,Raymond Villar,"Large Flat white - 2.45, Large Flavoured iced latte - Hazelnut - 3.25",5.70,CARD,4678746227196118
23/03/2021 14:38,Chesterfield,Leonila Jernigan,"Large Flavoured iced latte - Vanilla - 3.25, Regular Flavoured iced latte - Hazelnut - 2.75, Large Flavoured iced latte - Vanilla - 3.25, Regular Flavoured iced latte - Hazelnut - 2.75",12.00,CARD,8887333274051779
23/03/2021 14:39,Chesterfield,Anthony Defosses,"Large Flavoured latte - Hazelnut - 2.85, Regular Flavoured iced latte - Caramel - 2.75",5.60,CARD,8447717454602371
23/03/2021 14:40,Chesterfield,Adam Monaghan,"Regular Flat white - 2.15, Large Latte - 2.45, Regular Latte - 2.15",6.75,CARD,7276387598494851
23/03/2021 14:42,Chesterfield,Deborah Hill,"Regular Flavoured latte - Hazelnut - 2.55, Regular Flavoured latte - Hazelnut - 2.55, Large Flavoured iced latte - Caramel - 3.25, Regular Flavoured iced latte - Caramel - 2.75",11.10,CASH,
23/03/2021 14:43,Chesterfield,Connie Tomlinson,Large Flavoured iced latte - Hazelnut - 3.25,3.25,CARD,3060414590199670
23/03/2021 14:44,Chesterfield,Janice Johnson,Large Flavoured iced latte - Caramel - 3.25,3.25,CARD,2528489871425987
23/03/2021 14:46,Chesterfield,Eric Mccoy,"Regular Flat white - 2.15, Large Flavoured iced latte - Vanilla - 3.25, Large Latte - 2.45",7.85,CARD,1964359483736242
23/03/2021 14:47,Chesterfield,Regina Blood,"Large Flavoured iced latte - Caramel - 3.25, Large Latte - 2.45, Large Flavoured latte - Hazelnut - 2.85, Large Latte - 2.45, Large Flavoured iced latte - Vanilla - 3.25, Regular Flat white - 2.15",16.40,CARD,2846568345034525
23/03/2021 14:48,Chesterfield,Duane Hardin,"Regular Latte - 2.15, Large Flavoured iced latte - Vanilla - 3.25, Large Flavoured iced latte - Hazelnut - 3.25",8.65,CARD,5175544300547624
23/03/2021 14:49,Chesterfield,Cynthia Bulat,Regular Flavoured latte - Hazelnut - 2.55,2.55,CARD,7342358568316184
23/03/2021 14:51,Chesterfield,James Jenkins,"Large Latte - 2.45, Large Flat white - 2.45",4.90,CASH,
23/03/2021 14:52,Chesterfield,Maryann Stigall,"Large Latte - 2.45, Regular Flavoured latte - Hazelnut - 2.55",5.00,CARD,3126281384282049
23/03/2021 14:53,Chesterfield,Jane Hill,Regular Flat white - 2.15,2.15,CASH,
23/03/2021 14:54,Chesterfield,Michael Carmona,"Regular Flavoured latte - Hazelnut - 2.55, Large Flat white - 2.45, Regular Flavoured iced latte - Vanilla - 2.75, Regular Latte - 2.15, Large Flat white - 2.45",12.35,CASH,
23/03/2021 14:56,Chesterfield,Vanessa Hoose,"Large Latte - 2.45, Regular Flavoured iced latte - Hazelnut - 2.75, Large Flat white - 2.45, Regular Flavoured latte - Hazelnut - 2.55",10.20,CASH,
23/03/2021 14:57,Chesterfield,Robert Morgan,Large Flavoured iced latte - Hazelnut - 3.25,3.25,CASH,
23/03/2021 14:58,Chesterfield,Helen Burkett,Large Latte - 2.45,2.45,CASH,
23/03/2021 14:59,Chesterfield,Rebecca Ackerman,Large Flavoured iced latte - Hazelnut - 3.25,3.25,CARD,9996141225539581
23/03/2021 15:01,Chesterfield,Rupert Martin,"Large Flavoured latte - Hazelnut - 2.85, Large Flat white - 2.45, Regular Flavoured iced latte - Caramel - 2.75, Regular Latte - 2.15, Regular Flavoured latte - Hazelnut - 2.55, Regular Flavoured iced latte - Hazelnut - 2.75",15.50,CASH,
23/03/2021 15:02,Chesterfield,Juanita Mann,"Large Flavoured iced latte - Hazelnut - 3.25, Large Flavoured latte - Hazelnut - 2.85, Regular Latte - 2.15, Regular Flavoured latte - Hazelnut - 2.55, Large Flavoured iced latte - Hazelnut - 3.25, Regular Latte - 2.15",16.20,CARD,7378359652369866
23/03/2021 15:03,Chesterfield,Erin Rievley,"Large Flat white - 2.45, Regular Flavoured iced latte - Vanilla - 2.75",5.20,CARD,9130357175487285
23/03/2021 15:05,Chesterfield,Alice Hamilton,"Large Flavoured latte - Hazelnut - 2.85, Large Flat white - 2.45, Large Flavoured iced latte - Caramel - 3.25, Regular Latte - 2.15",10.70,CARD,2824782212203787
23/03/2021 15:06,Chesterfield,Megan Coleman,Regular Flavoured iced latte - Caramel - 2.75,2.75,CARD,4308133318625322
23/03/2021 15:07,Chesterfield,Steven Walden,"Regular Flavoured iced latte - Hazelnut - 2.75, Regular Flavoured latte - Hazelnut - 2.55",5.30,CARD,8969903487826474
23/03/2021 15:08,Chesterfield,Gary Gibson,Large Flavoured latte - Hazelnut - 2.85,2.85,CARD,2352318604985238
23/03/2021 15:10,Chesterfield,Ryan Blackman,Regular Flavoured iced latte - Vanilla - 2.75,2.75,CARD,8605456211679398
23/03/2021 15:11,Chesterfield,Ursula Lafayette,"Regular Latte - 2.15, Large Flat white - 2.45, Regular Flavoured iced latte - Caramel - 2.75",7.35,CARD,3395423701257541
23/03/2021 15:12,Chesterfield,James Gutierrez,"Large Flat white - 2.45, Large Latte - 2.45, Large Latte - 2.45",7.35,CARD,4857804218918455
23/03/2021 15:13,Chesterfield,Richard Vega,"Large Flavoured iced latte - Hazelnut - 3.25, Large Flavoured iced latte - Vanilla - 3.25",6.50,CASH,
23/03/2021 15:15,Chesterfield,Steven Hardy,"Regular Flavoured iced latte - Hazelnut - 2.75, Large Flavoured iced latte - Caramel - 3.25",6.00,CASH,
23/03/2021 15:16,Chesterfield,Evelyn Rios,"Large Flavoured iced latte - Hazelnut - 3.25, Large Flavoured latte - Hazelnut - 2.85",6.10,CASH,
23/03/2021 15:17,Chesterfield,Hilda Fitch,Regular Flavoured iced latte - Hazelnut - 2.75,2.75,CARD,2993648769686980
23/03/2021 15:18,Chesterfield,Darlene Hardwick,"Regular Flavoured iced latte - Vanilla - 2.75, Large Flat white - 2.45, Large Flat white - 2.45",7.65,CARD,5918283353650592
23/03/2021 15:20,Chesterfield,Verna Warner,"Large Flavoured iced latte - Caramel - 3.25, Regular Flavoured iced latte - Caramel - 2.75",6.00,CARD,6515724834865852
23/03/2021 15:21,Chesterfield,Jesse Johnson,"Regular Flat white - 2.15, Regular Latte - 2.15, Large Flavoured iced latte - Caramel - 3.25, Regular Flavoured latte - Hazelnut - 2.55",10.10,CARD,4832466268631964
23/03/2021 15:22,Chesterfield,Linda Adams,"Large Flavoured iced latte - Caramel - 3.25, Large Flavoured latte - Hazelnut - 2.85, Regular Flavoured iced latte - Caramel - 2.75",8.85,CARD,6308025638339579
23/03/2021 15:23,Chesterfield,Thomas Williamson,Large Flavoured iced latte - Vanilla - 3.25,3.25,CARD,4692100220267733
23/03/2021 15:25,Chesterfield,Bruce Bullock,"Large Flavoured iced latte - Caramel - 3.25, Large Flavoured iced latte - Caramel - 3.25, Regular Latte - 2.15, Large Flavoured latte - Hazelnut - 2.85",11.50,CASH,
23/03/2021 15:26,Chesterfield,Eugene Warner,Regular Flavoured iced latte - Hazelnut - 2.75,2.75,CARD,1137604453829552
23/03/2021 15:27,Chesterfield,Leon Laporta,Regular Flavoured latte - Hazelnut - 2.55,2.55,CARD,7517851025596680
23/03/2021 15:28,Chesterfield,Kathryn Borden,Large Latte - 2.45,2.45,CARD,8396144442943377
23/03/2021 15:30,Chesterfield,Bret Mckee,Regular Flavoured latte - Hazelnut - 2.55,2.55,CARD,8462211075983294
23/03/2021 15:31,Chesterfield,James Nordman,"Large Flavoured iced latte - Vanilla - 3.25, Large Latte - 2.45, Regular Flat white - 2.15, Large Flavoured iced latte - Vanilla - 3.25",11.10,CASH,
23/03/2021 15:32,Chesterfield,Craig Walshe,"Large Flavoured iced latte - Vanilla - 3.25, Large Flavoured iced latte - Caramel - 3.25, Large Latte - 2.45, Regular Latte - 2.15",11.10,CASH,
23/03/2021 15:33,Chesterfield,Vera Alston,"Regular Flat white - 2.15, Regular Latte - 2.15, Regular Flat white - 2.15",6.45,CARD,5966460711705388
23/03/2021 15:35,Chesterfield,Judith Salinas,"Regular Latte - 2.15, Large Flavoured iced latte - Caramel - 3.25",5.40,CARD,4063861856854550
23/03/2021 15:36,Chesterfield,Eddie Gregg,"Regular Flavoured iced latte - Caramel - 2.75, Large Flavoured iced latte - Hazelnut - 3.25, Regular Flavoured iced latte - Hazelnut - 2.75",8.75,CASH,
23/03/2021 15:37,Chesterfield,Elizabeth Roy,"Regular Flat white - 2.15, Large Flavoured iced latte - Hazelnut - 3.25, Regular Flavoured iced latte - Vanilla - 2.75",8.15,CARD,3714395972799892
23/03/2021 15:38,Chesterfield,Eleanor Huffman,"Regular Flavoured latte - Hazelnut - 2.55, Large Flat white - 2.45",5.00,CARD,4731281927193954
23/03/2021 15:40,Chesterfield,Marianna Peters,Large Flavoured iced latte - Hazelnut - 3.25,3.25,CARD,5326785078046601
23/03/2021 15:41,Chesterfield,James Mais,"Regular Flavoured iced latte - Hazelnut - 2.75, Large Latte - 2.45",5.20,CARD,7629255319160794
23/03/2021 15:42,Chesterfield,Mary Shamp,"Regular Flavoured iced latte - Hazelnut - 2.75, Regular Latte - 2.15, Large Flavoured iced latte - Vanilla - 3.25",8.15,CASH,
23/03/2021 15:43,Chesterfield,Robert Brown,"Large Flavoured iced latte - Hazelnut - 3.25, Regular Latte - 2.15, Regular Flavoured iced latte - Vanilla - 2.75, Large Flavoured latte - Hazelnut - 2.85",11.00,CASH,
23/03/2021 15:45,Chesterfield,Joseph Voss,"Regular Flavoured iced latte - Vanilla - 2.75, Regular Flavoured iced latte - Vanilla - 2.75, Large Flavoured iced latte - Hazelnut - 3.25, Large Latte - 2.45",11.20,CASH,
23/03/2021 15:46,Chesterfield,Jane Watson,"Large Latte - 2.45, Large Flavoured iced latte - Hazelnut - 3.25, Large Flavoured latte - Hazelnut - 2.85, Large Flat white - 2.45, Regular Flavoured iced latte - Hazelnut - 2.75",13.75,CASH,
23/03/2021 15:47,Chesterfield,Rosella Frias,"Regular Flavoured iced latte - Vanilla - 2.75, Large Latte - 2.45",5.20,CASH,
23/03/2021 15:48,Chesterfield,Jose Carlow,Regular Flavoured iced latte - Hazelnut - 2.75,2.75,CARD,6912877966718065
23/03/2021 15:50,Chesterfield,Mary Walker,"Regular Latte - 2.15, Large Latte - 2.45, Large Flavoured latte - Hazelnut - 2.85, Regular Flavoured iced latte - Hazelnut - 2.75, Regular Flavoured latte - Hazelnut - 2.55, Large Flavoured latte - Hazelnut - 2.85",15.60,CASH,
23/03/2021 15:51,Chesterfield,Alan Culbertson,"Large Flavoured iced latte - Hazelnut - 3.25, Large Flavoured iced latte - Hazelnut - 3.25, Regular Flat white - 2.15, Regular Flavoured iced latte - Hazelnut - 2.75",11.40,CARD,1953742423474692
23/03/2021 15:52,Chesterfield,Christopher East,"Large Flavoured latte - Hazelnut - 2.85, Regular Flavoured iced latte - Vanilla - 2.75, Large Flavoured iced latte - Vanilla - 3.25, Regular Flavoured iced latte - Hazelnut - 2.75",11.60,CARD,1337675947579992
23/03/2021 15:53,Chesterfield,Priscilla Fridley,Regular Flavoured iced latte - Vanilla - 2.75,2.75,CASH,
23/03/2021 15:55,Chesterfield,Carl Booth,"Large Flavoured iced latte - Caramel - 3.25, Large Flavoured latte - Hazelnut - 2.85",6.10,CARD,3808514732349712
23/03/2021 15:56,Chesterfield,James Daniel,"Large Flavoured latte - Hazelnut - 2.85, Large Flavoured iced latte - Caramel - 3.25",6.10,CARD,1716010982004672
23/03/2021 15:57,Chesterfield,Pamela Callahan,Regular Flat white - 2.15,2.15,CARD,8310481823388032
23/03/2021 15:58,Chesterfield,Taylor Perez,"Large Flavoured iced latte - Hazelnut - 3.25, Regular Flavoured iced latte - Hazelnut - 2.75, Regular Flavoured iced latte - Hazelnut - 2.75, Large Flat white - 2.45",11.20,CARD,7924410460570931
23/03/2021 16:00,Chesterfield,Thomas Betts,"Large Flavoured iced latte - Vanilla - 3.25, Regular Flavoured latte - Hazelnut - 2.55, Regular Flavoured latte - Hazelnut - 2.55",8.35,CARD,1279939574479256
23/03/2021 16:03,Chesterfield,Shana Phillips,"Large Flavoured iced latte - Vanilla - 3.25, Regular Flavoured iced latte - Hazelnut - 2.75, Large Flavoured iced latte - Vanilla - 3.25, Large Latte - 2.45",11.70,CARD,7365866661224744
23/03/2021 16:07,Chesterfield,Eldridge Durio,"Regular Latte - 2.15, Large Latte - 2.45, Regular Flat white - 2.15",6.75,CARD,3831453882942146
23/03/2021 16:10,Chesterfield,Yolanda Scudder,"Regular Flavoured iced latte - Caramel - 2.75, Regular Flat white - 2.15",4.90,CARD,1806889484142208
23/03/2021 16:14,Chesterfield,Irene Gilson,"Regular Flavoured iced latte - Caramel - 2.75, Large Flavoured iced latte - Vanilla - 3.25, Regular Flavoured latte - Hazelnut - 2.55, Large Latte - 2.45",11.00,CARD,3128605994696629
23/03/2021 16:17,Chesterfield,Ada Sharp,Large Flavoured iced latte - Vanilla - 3.25,3.25,CARD,8007155607288417
23/03/2021 16:21,Chesterfield,Jennifer Wall,"Large Flavoured latte - Hazelnut - 2.85, Regular Flavoured latte - Hazelnut - 2.55",5.40,CASH,
23/03/2021 16:24,Chesterfield,Bobby Scholz,"Regular Flavoured iced latte - Hazelnut - 2.75, Regular Flavoured iced latte - Hazelnut - 2.75",5.50,CARD,7863091223856111
23/03/2021 16:28,Chesterfield,Frances Downs,"Large Latte - 2.45, Regular Flavoured iced latte - Vanilla - 2.75",5.20,CASH,
23/03/2021 16:31,Chesterfield,Delbert Massey,"Regular Flavoured iced latte - Vanilla - 2.75, Regular Latte - 2.15",4.90,CASH,
23/03/2021 16:35,Chesterfield,Michael Vega,"Regular Flavoured iced latte - Hazelnut - 2.75, Large Latte - 2.45",5.20,CARD,3900620841111405
23/03/2021 16:38,Chesterfield,Matthew Blanchard,"Large Latte - 2.45, Regular Flavoured latte - Hazelnut - 2.55, Large Flavoured iced latte - Hazelnut - 3.25",8.25,CARD,8355387229437791
23/03/2021 16:42,Chesterfield,Molly Hadley,"Large Flavoured iced latte - Hazelnut - 3.25, Large Latte - 2.45",5.70,CASH,
23/03/2021 16:45,Chesterfield,Jenny Harriott,Large Flavoured latte - Hazelnut - 2.85,2.85,CASH,
23/03/2021 16:49,Chesterfield,Shirley Dunham,"Large Flavoured iced latte - Vanilla - 3.25, Large Flavoured latte - Hazelnut - 2.85",6.10,CASH,
23/03/2021 16:52,Chesterfield,Robert Huber,Regular Flavoured iced latte - Hazelnut - 2.75,2.75,CARD,1186800204823386
23/03/2021 16:56,Chesterfield,Ronald Love,Regular Flavoured iced latte - Vanilla - 2.75,2.75,CARD,3181196530763985
23/03/2021 16:59,Chesterfield,Margarette Stockstill,Regular Flavoured latte - Hazelnut - 2.55,2.55,CARD,5728343221493846
