23/03/2021 09:00,Leeds,Basil Jones,"Large Iced americano - 2.50, Regular Hot Chocolate - 1.40, Regular Iced americano - 2.15, Regular Iced americano - 2.15",8.20,CARD,9637613233516227
23/03/2021 09:01,Leeds,Michael Horn,"Regular Chai latte - 2.30, Regular Chai latte - 2.30, Large Hot Chocolate - 1.70, Large Filter coffee - 1.80, Regular Chai latte - 2.30",10.40,CASH,
23/03/2021 09:03,Leeds,Danny Barnes,Regular Filter coffee - 1.50,1.50,CARD,2408548738521978
23/03/2021 09:04,Leeds,John Johnson,"Large Hot Chocolate - 1.70, Regular Iced americano - 2.15, Large Filter coffee - 1.80, Large Speciality Tea - English breakfast - 1.60",7.25,CARD,3885201819886969
23/03/2021 09:06,Leeds,Stella Montalvo,Regular Chai latte - 2.30,2.30,CARD,4012382273351661
23/03/2021 09:08,Leeds,Jessica Prevatte,"Large Chai latte - 2.60, Large Iced americano - 2.50, Regular Iced americano - 2.15, Large Chai latte - 2.60",9.85,CASH,
23/03/2021 09:09,Leeds,Carrie Goodloe,"Regular Chai latte - 2.30, Regular Hot Chocolate - 1.40",3.70,CASH,
23/03/2021 09:11,Leeds,Jenny Kirchausen,Large Iced americano - 2.50,2.50,CASH,
23/03/2021 09:12,Leeds,Kevin Blackman,"Large Chai latte - 2.60, Regular Speciality Tea - English breakfast - 1.30",3.90,CASH,
23/03/2021 09:14,Leeds,Shaina Craig,"Large Hot Chocolate - 1.70, Large Chai latte - 2.60, Large Speciality Tea - English breakfast - 1.60, Regular Hot Chocolate - 1.40, Regular Hot Chocolate - 1.40",8.70,CARD,4309803122455988
23/03/2021 09:16,Leeds,David Butcher,"Large Iced americano - 2.50, Large Filter coffee - 1.80, Large Speciality Tea - English breakfast - 1.60",5.90,CARD,8714702221407784
23/03/2021 09:17,Leeds,Eric Spangler,"Large Filter coffee - 1.80, Regular Chai latte - 2.30, Large Filter coffee - 1.80, Large Iced americano - 2.50, Large Hot Chocolate - 1.70, Regular Chai latte - 2.30",12.40,CARD,5185215354037365
23/03/2021 09:19,Leeds,Violet Kerr,"Large Iced americano - 2.50, Regular Iced americano - 2.15, Regular Filter coffee - 1.50",6.15,CARD,5581100930323957
23/03/2021 09:21,Leeds,Brandy Woll,"Regular Filter coffee - 1.50, Regular Chai latte - 2.30",3.80,CASH,
23/03/2021 09:22,Leeds,Sonya Barrera,"Large Speciality Tea - English breakfast - 1.60, Regular Speciality Tea - English breakfast - 1.30",2.90,CARD,8002952298374944
23/03/2021 09:24,Leeds,Bill Rudd,"Large Chai latte - 2.60, Regular Speciality Tea - English breakfast - 1.30",3.90,CASH,
23/03/2021 09:25,Leeds,Rebecca Benoit,Large Filter coffee - 1.80,1.80,CARD,8458206986940343
23/03/2021 09:27,Leeds,Debra Marvin,"Large Chai latte - 2.60, Regular Hot Chocolate - 1.40, Large Speciality Tea - English breakfast - 1.60",5.60,CARD,3273514907283358
23/03/2021 09:29,Leeds,George Martin,"Regular Speciality Tea - English breakfast - 1.30, Regular Speciality Tea - English breakfast - 1.30, Large Filter coffee - 1.80",4.40,CARD,2624744346929516
23/03/2021 09:30,Leeds,Mabel Bien,"Large Hot Chocolate - 1.70, Large Iced americano - 2.50, Large Speciality Tea - English breakfast - 1.60, Regular Hot Chocolate - 1.40, Large Speciality Tea - English breakfast - 1.60",8.80,CARD,2812210837555765
23/03/2021 09:32,Leeds,Karen Lewis,"Large Iced americano - 2.50, Large Filter coffee - 1.80",4.30,CARD,5535020203400430
23/03/2021 09:33,Leeds,Dean Williams,Large Filter coffee - 1.80,1.80,CARD,2082137106398925
23/03/2021 09:35,Leeds,Lois Blanchard,"Regular Speciality Tea - English breakfast - 1.30, Large Iced americano - 2.50, Large Iced americano - 2.50, Regular Filter coffee - 1.50, Large Filter coffee - 1.80",9.60,CARD,4601792634040135
23/03/2021 09:37,Leeds,Elda Williams,"Regular Filter coffee - 1.50, Large Speciality Tea - English breakfast - 1.60, Regular Speciality Tea - English breakfast - 1.30, Large Iced americano - 2.50",6.90,CARD,4270934566278181
23/03/2021 09:38,Leeds,Antonio Silas,"Large Hot Chocolate - 1.70, Large Iced americano - 2.50",4.20,CASH,
23/03/2021 09:40,Leeds,Holly Masin,"Large Chai latte - 2.60, Regular Chai latte - 2.30, Large Chai latte - 2.60",7.50,CARD,4489414020651893
23/03/2021 09:42,Leeds,David Ward,"Regular Hot Chocolate - 1.40, Regular Filter coffee - 1.50, Regular Iced americano - 2.15, Large Filter coffee - 1.80",6.85,CARD,6700572006833071
23/03/2021 09:43,Leeds,Linda Nichols,Large Hot Chocolate - 1.70,1.70,CARD,1626120366159486
23/03/2021 09:45,Leeds,Jerry Miranda,"Large Chai latte - 2.60, Regular Iced americano - 2.15",4.75,CASH,
23/03/2021 09:46,Leeds,Paul Hager,"Regular Hot Chocolate - 1.40, Regular Filter coffee - 1.50, Large Speciality Tea - English breakfast - 1.60, Regular Hot Chocolate - 1.40",5.90,CARD,3120743266113688
23/03/2021 09:48,Leeds,Tina Vinson,Large Hot Chocolate - 1.70,1.70,CARD,7666801812914483
23/03/2021 09:50,Leeds,Kim Collins,"Large Chai latte - 2.60, Regular Speciality Tea - English breakfast - 1.30",3.90,CASH,
23/03/2021 09:51,Leeds,Pat Garrette,"Regular Hot Chocolate - 1.40, Large Chai latte - 2.60",4.00,CARD,3655161826708245
23/03/2021 09:53,Leeds,Juanita Hirsh,"Large Chai latte - 2.60, Regular Hot Chocolate - 1.40, Regular Hot Chocolate - 1.40",5.40,CARD,4605794431521363
23/03/2021 09:54,Leeds,Ryan Connor,"Large Chai latte - 2.60, Large Iced americano - 2.50, Regular Hot Chocolate - 1.40, Large Filter coffee - 1.80",8.30,CARD,6941220629022541
23/03/2021 09:56,Leeds,Tanisha Powers,"Large Chai latte - 2.60, Regular Filter coffee - 1.50",4.10,CARD,4555478573512708
23/03/2021 09:58,Leeds,Sheldon Sibrel,Large Iced americano - 2.50,2.50,CARD,5125278418594559
23/03/2021 09:59,Leeds,William Autry,Large Hot Chocolate - 1.70,1.70,CARD,1965261503945389
23/03/2021 10:01,Leeds,Jeremy Higley,"Regular Chai latte - 2.30, Large Chai latte - 2.60, Large Filter coffee - 1.80",6.70,CASH,
23/03/2021 10:02,Leeds,Hazel Phillips,"Regular Filter coffee - 1.50, Regular Iced americano - 2.15",3.65,CARD,9565656929924957
23/03/2021 10:03,Leeds,Rachel Kurter,Regular Chai latte - 2.30,2.30,CARD,5697265261812954
23/03/2021 10:04,Leeds,Ruth Griffin,"Large Filter coffee - 1.80, Regular Hot Chocolate - 1.40, Large Hot Chocolate - 1.70",4.90,CARD,5583859559609855
23/03/2021 10:05,Leeds,Daniel Hogan,"Large Hot Chocolate - 1.70, Large Speciality Tea - English breakfast - 1.60",3.30,CARD,2748941231208529
23/03/2021 10:06,Leeds,Melissa Mccool,"Regular Chai latte - 2.30, Large Speciality Tea - English breakfast - 1.60, Large Chai latte - 2.60, Regular Hot Chocolate - 1.40",7.90,CARD,2114019196754174
23/03/2021 10:07,Leeds,Kristen Weller,"Large Filter coffee - 1.80, Large Filter coffee - 1.80, Regular Chai latte - 2.30, Large Chai latte - 2.60, Regular Filter coffee - 1.50",10.00,CASH,
23/03/2021 10:08,Leeds,Joseph Martinez,Regular Filter coffee - 1.50,1.50,CASH,
23/03/2021 10:09,Leeds,Melissa Johnston,Regular Speciality Tea - English breakfast - 1.30,1.30,CARD,4302803520112196
23/03/2021 10:11,Leeds,Karen Madlung,Regular Iced americano - 2.15,2.15,CASH,
23/03/2021 10:12,Leeds,Pedro Paul,"Regular Hot Chocolate - 1.40, Large Hot Chocolate - 1.70, Regular Hot Chocolate - 1.40, Large Chai latte - 2.60, Regular Filter coffee - 1.50, Regular Chai latte - 2.30",10.90,CASH,
23/03/2021 10:13,Leeds,Dora Keatts,Regular Chai latte - 2.30,2.30,CASH,
23/03/2021 10:14,Leeds,Patricia Lee,"Large Speciality Tea - English breakfast - 1.60, Regular Chai latte - 2.30, Regular Filter coffee - 1.50, Large Speciality Tea - English breakfast - 1.60",7.00,CARD,8375344546755824
23/03/2021 10:15,Leeds,Juan Kitsmiller,"Large Filter coffee - 1.80, Large Hot Chocolate - 1.70, Regular Hot Chocolate - 1.40, Regular Chai latte - 2.30",7.20,CASH,
23/03/2021 10:16,Leeds,Jaime Langevin,"Large Filter coffee - 1.80, Large Iced americano - 2.50",4.30,CARD,2645379882002169
23/03/2021 10:17,Leeds,John Noel,"Large Filter coffee - 1.80, Large Speciality Tea - English breakfast - 1.60",3.40,CARD,1042867684759429
23/03/2021 10:18,Leeds,Cindy Fields,"Regular Filter coffee - 1.50, Regular Chai latte - 2.30",3.80,CARD,1404666071301435
23/03/2021 10:19,Leeds,Benjamin Villalobos,"Large Hot Chocolate - 1.70, Large Filter coffee - 1.80, Large Filter coffee - 1.80",5.30,CARD,5774740079286470
23/03/2021 10:20,Leeds,Linda Williams,"Regular Chai latte - 2.30, Regular Iced americano - 2.15, Regular Filter coffee - 1.50",5.95,CARD,5457257541845614
23/03/2021 10:21,Leeds,Dale Cross,"Large Filter coffee - 1.80, Regular Chai latte - 2.30",4.10,CARD,1111402635107069
23/03/2021 10:22,Leeds,Sarah Gonzalez,Regular Speciality Tea - English breakfast - 1.30,1.30,CASH,
23/03/2021 10:23,Leeds,Emily Jones,"Large Hot Chocolate - 1.70, Large Speciality Tea - English breakfast - 1.60, Regular Hot Chocolate - 1.40, Large Speciality Tea - English breakfast - 1.60",6.30,CASH,
23/03/2021 10:24,Leeds,Anita Jorgensen,"Large Filter coffee - 1.80, Large Speciality Tea - English breakfast - 1.60, Large Iced americano - 2.50",5.90,CASH,
23/03/2021 10:25,Leeds,Pearl Lewis,"Regular Speciality Tea - English breakfast - 1.30, Large Chai latte - 2.60",3.90,CARD,4378908376928416
23/03/2021 10:27,Leeds,Julia Kartchner,Large Chai latte - 2.60,2.60,CARD,5460919764271167
23/03/2021 10:28,Leeds,Jennifer Osborne,"Large Hot Chocolate - 1.70, Large Chai latte - 2.60",4.30,CARD,2241905624498979
23/03/2021 10:29,Leeds,John Avery,"Large Speciality Tea - English breakfast - 1.60, Regular Speciality Tea - English breakfast - 1.30",2.90,CARD,1993310905638040
23/03/2021 10:30,Leeds,Kathleen Carroll,"Large Speciality Tea - English breakfast - 1.60, Regular Filter coffee - 1.50",3.10,CARD,9358657501308520
23/03/2021 10:31,Leeds,James Hayek,"Large Chai latte - 2.60, Regular Chai latte - 2.30, Large Speciality Tea - English breakfast - 1.60",6.50,CARD,1669708042227613
23/03/2021 10:32,Leeds,Evelyn Sternberg,"Large Speciality Tea - English breakfast - 1.60, Large Iced americano - 2.50, Large Chai latte - 2.60",6.70,CARD,3167289884011264
23/03/2021 10:33,Leeds,Thomas Armstrong,"Large Speciality Tea - English breakfast - 1.60, Large Speciality Tea - English breakfast - 1.60, Regular Hot Chocolate - 1.40, Regular Filter coffee - 1.50, Regular Iced americano - 2.15",8.25,CASH,
23/03/2021 10:34,Leeds,James Turner,"Large Speciality Tea - English breakfast - 1.60, Large Chai latte - 2.60, Large Filter coffee - 1.80, Large Filter coffee - 1.80",7.80,CARD,1645568528660899
23/03/2021 10:35,Leeds,Adam Richardson,"Large Filter coffee - 1.80, Regular Filter coffee - 1.50",3.30,CARD,6224170900912097
23/03/2021 10:36,Leeds,Treva Ortiz,"Regular Hot Chocolate - 1.40, Regular Hot Chocolate - 1.40, Large Chai latte - 2.60",5.40,CARD,6046737142515655
23/03/2021 10:37,Leeds,Bert Powell,"Large Chai latte - 2.60, Large Filter coffee - 1.80, Regular Hot Chocolate - 1.40",5.80,CASH,
23/03/2021 10:38,Leeds,Twana Hewlett,"Large Chai latte - 2.60, Large Iced americano - 2.50, Large Hot Chocolate - 1.70",6.80,CARD,4757155999448290
23/03/2021 10:39,Leeds,Mary Watkins,"Large Iced americano - 2.50, Regular Filter coffee - 1.50, Regular Chai latte - 2.30, Regular Filter coffee - 1.50",7.80,CARD,2614496172398657
23/03/2021 10:40,Leeds,Patrick Floyd,Regular Hot Chocolate - 1.40,1.40,CARD,2029105272133790
23/03/2021 10:41,Leeds,Willie Farrell,"Large Filter coffee - 1.80, Large Chai latte - 2.60, Large Filter coffee - 1.80, Large Filter coffee - 1.80, Large Iced americano - 2.50",10.50,CARD,1621315177163070
23/03/2021 10:43,Leeds,Shemika Wilgus,"Large Hot Chocolate - 1.70, Regular Speciality Tea - English breakfast - 1.30, Large Chai latte - 2.60, Large Filter coffee - 1.80, Large Chai latte - 2.60",10.00,CASH,
23/03/2021 10:44,Leeds,Sonia Hewins,Large Hot Chocolate - 1.70,1.70,CARD,4914886828919155
23/03/2021 10:45,Leeds,Lea Baker,"Regular Chai latte - 2.30, Regular Iced americano - 2.15, Large Hot Chocolate - 1.70",6.15,CARD,9080195949575293
23/03/2021 10:46,Leeds,Amy Lacuesta,"Large Hot Chocolate - 1.70, Large Iced americano - 2.50, Large Iced americano - 2.50",6.70,CARD,3628125934215525
23/03/2021 10:47,Leeds,Armando Boswell,Large Iced americano - 2.50,2.50,CASH,
23/03/2021 10:48,Leeds,Evelyn Odonnell,"Large Iced americano - 2.50, Large Chai latte - 2.60, Regular Filter coffee - 1.50, Regular Speciality Tea - English breakfast - 1.30, Regular Chai latte - 2.30, Regular Filter coffee - 1.50",11.70,CARD,7554523795484039
23/03/2021 10:49,Leeds,Terri Villanueva,"Regular Hot Chocolate - 1.40, Regular Speciality Tea - English breakfast - 1.30, Large Hot Chocolate - 1.70, Regular Filter coffee - 1.50",5.90,CARD,4652236325390503
23/03/2021 10:50,Leeds,Leo Stemm,Regular Hot Chocolate - 1.40,1.40,CARD,4250210767119204
23/03/2021 10:51,Leeds,Michele Cantara,"Regular Chai latte - 2.30, Large Chai latte - 2.60",4.90,CARD,2708899731920798
23/03/2021 10:52,Leeds,Matthew Chapman,"Large Hot Chocolate - 1.70, Large Chai latte - 2.60",4.30,CARD,6004080639641470
23/03/2021 10:53,Leeds,Louis Gardner,"Large Filter coffee - 1.80, Large Chai latte - 2.60, Large Speciality Tea - English breakfast - 1.60",6.00,CARD,4096810553289062
23/03/2021 10:54,Leeds,Yvette Ramirez,"Regular Hot Chocolate - 1.40, Regular Iced americano - 2.15",3.55,CARD,6179418312706598
23/03/2021 10:55,Leeds,Janet Richardson,Regular Chai latte - 2.30,2.30,CARD,9361751921678573
23/03/2021 10:56,Leeds,Mildred Castro,"Large Hot Chocolate - 1.70, Large Speciality Tea - English breakfast - 1.60, Regular Filter coffee - 1.50, Large Chai latte - 2.60",7.40,CARD,3782367554430194
23/03/2021 10:57,Leeds,Penny Polkinghorn,"Large Chai latte - 2.60, Regular Hot Chocolate - 1.40, Large Filter coffee - 1.80, Large Speciality Tea - English breakfast - 1.60, Regular Hot Chocolate - 1.40",8.80,CARD,1725531693887586
23/03/2021 10:59,Leeds,Teresa Lloyd,"Regular Filter coffee - 1.50, Regular Filter coffee - 1.50, Large Filter coffee - 1.80",4.80,CARD,1616043753778910
23/03/2021 11:00,Leeds,Paul Flowers,"Large Speciality Tea - English breakfast - 1.60, Large Hot Chocolate - 1.70, Large Chai latte - 2.60, Large Chai latte - 2.60, Regular Filter coffee - 1.50",10.00,CARD,6438568452116159
23/03/2021 11:04,Leeds,Bobbie Chapman,"Regular Iced americano - 2.15, Large Hot Chocolate - 1.70, Regular Speciality Tea - English breakfast - 1.30",5.15,CARD,4295382979927158
23/03/2021 11:08,Leeds,Robert Richardson,"Regular Hot Chocolate - 1.40, Large Hot Chocolate - 1.70",3.10,CARD,9950724908316977
23/03/2021 11:12,Leeds,William Munoz,Regular Speciality Tea - English breakfast - 1.30,1.30,CARD,6883899664197482
23/03/2021 11:16,Leeds,Lucille Ostrov,Large Speciality Tea - English breakfast - 1.60,1.60,CARD,9722707542934500
23/03/2021 11:20,Leeds,Delmer Gleim,"Large Filter coffee - 1.80, Large Hot Chocolate - 1.70, Regular Filter coffee - 1.50",5.00,CARD,6013799560030539
23/03/2021 11:24,Leeds,Nathan Christiansen,"Large Chai latte - 2.60, Regular Filter coffee - 1.50, Regular Filter coffee - 1.50",5.60,CARD,1789486417896242
23/03/2021 11:28,Leeds,Juan Daugherty,Regular Chai latte - 2.30,2.30,CASH,
23/03/2021 11:32,Leeds,Cheryl Reed,"Regular Filter coffee - 1.50, Large Speciality Tea - English breakfast - 1.60",3.10,CASH,
23/03/2021 11:36,Leeds,Tommy Houghtelling,"Large Chai latte - 2.60, Regular Chai latte - 2.30",4.90,CASH,
23/03/2021 11:40,Leeds,Harvey Blevins,"Regular Hot Chocolate - 1.40, Regular Iced americano - 2.15",3.55,CARD,5381042843754563
23/03/2021 11:44,Leeds,Lyle Cain,Regular Filter coffee - 1.50,1.50,CARD,1894304240905393
23/03/2021 11:48,Leeds,Jamie Shiflet,"Large Iced americano - 2.50, Regular Iced americano - 2.15, Regular Chai latte - 2.30",6.95,CARD,9785414676105435
23/03/2021 11:52,Leeds,Kimberly Baker,"Large Iced americano - 2.50, Regular Hot Chocolate - 1.40, Large Iced americano - 2.50, Large Filter coffee - 1.80, Regular Filter coffee - 1.50, Regular Speciality Tea - English breakfast - 1.30",11.00,CARD,5864191956917755
23/03/2021 11:56,Leeds,Mardell Gillen,Regular Filter coffee - 1.50,1.50,CARD,1360893565237913
23/03/2021 12:00,Leeds,Kathryn Jones,Large Iced americano - 2.50,2.50,CARD,7665848207392295
23/03/2021 12:01,Leeds,Joseph Ramirez,"Large Hot Chocolate - 1.70, Regular Iced americano - 2.15, Large Speciality Tea - English breakfast - 1.60, Large Filter coffee - 1.80",7.25,CASH,
23/03/2021 12:03,Leeds,Patricia Meese,"Large Iced americano - 2.50, Regular Chai latte - 2.30, Regular Hot Chocolate - 1.40",6.20,CARD,6859373032207812
23/03/2021 12:05,Leeds,Alan Lofton,"Large Chai latte - 2.60, Regular Chai latte - 2.30, Regular Chai latte - 2.30, Regular Hot Chocolate - 1.40",8.60,CARD,7878706031826503
23/03/2021 12:06,Leeds,David Alarcon,Regular Filter coffee - 1.50,1.50,CARD,8819463358313842
23/03/2021 12:08,Leeds,Jill Milam,"Large Filter coffee - 1.80, Regular Hot Chocolate - 1.40, Large Filter coffee - 1.80",5.00,CARD,4905273778781279
23/03/2021 12:10,Leeds,Lee Barrier,"Large Speciality Tea - English breakfast - 1.60, Regular Speciality Tea - English breakfast - 1.30",2.90,CASH,
23/03/2021 12:11,Leeds,David Swanson,"Regular Hot Chocolate - 1.40, Large Hot Chocolate - 1.70, Large Filter coffee - 1.80, Large Filter coffee - 1.80, Regular Hot Chocolate - 1.40",8.10,CARD,7460953630568449
23/03/2021 12:13,Leeds,Arthur Mcintyre,"Large Iced americano - 2.50, Large Speciality Tea - English breakfast - 1.60, Large Hot Chocolate - 1.70",5.80,CASH,
23/03/2021 12:15,Leeds,Kristen Gunter,"Regular Speciality Tea - English breakfast - 1.30, Regular Filter coffee - 1.50, Regular Hot Chocolate - 1.40",4.20,CASH,
23/03/2021 12:16,Leeds,Glenn Gore,"Regular Iced americano - 2.15, Large Filter coffee - 1.80, Large Filter coffee - 1.80",5.75,CARD,9650833937440250
23/03/2021 12:18,Leeds,Robert Ragland,"Regular Chai latte - 2.30, Large Iced americano - 2.50, Regular Speciality Tea - English breakfast - 1.30, Large Hot Chocolate - 1.70",7.80,CARD,7220920799850950
23/03/2021 12:20,Leeds,Julie Burklow,Large Chai latte - 2.60,2.60,CARD,4557640507019987
23/03/2021 12:21,Leeds,Leanne Gau,"Large Iced americano - 2.50, Large Speciality Tea - English breakfast - 1.60, Regular Chai latte - 2.30",6.40,CASH,
23/03/2021 12:23,Leeds,Robert Munden,Regular Filter coffee - 1.50,1.50,CARD,7759475977250480
23/03/2021 12:25,Leeds,Leslie Erwin,"Regular Hot Chocolate - 1.40, Large Chai latte - 2.60, Regular Iced americano - 2.15",6.15,CARD,8883374945223614
23/03/2021 12:26,Leeds,Joseph Bales,"Large Filter coffee - 1.80, Large Speciality Tea - English breakfast - 1.60",3.40,CASH,
23/03/2021 12:28,Leeds,Scott Gooden,Regular Iced americano - 2.15,2.15,CARD,8035965870473574
23/03/2021 12:30,Leeds,John Tiry,Regular Chai latte - 2.30,2.30,CARD,9996401027041207
23/03/2021 12:31,Leeds,Sam Bergen,"Regular Chai latte - 2.30, Large Speciality Tea - English breakfast - 1.60, Large Chai latte - 2.60, Large Hot Chocolate - 1.70",8.20,CARD,8012186280524038
23/03/2021 12:33,Leeds,Joan Loftus,"Large Speciality Tea - English breakfast - 1.60, Large Iced americano - 2.50, Regular Speciality Tea - English breakfast - 1.30",5.40,CARD,2541279770146529
23/03/2021 12:35,Leeds,Gary Ketcham,"Regular Filter coffee - 1.50, Regular Speciality Tea - English breakfast - 1.30, Large Chai latte - 2.60",5.40,CASH,
23/03/2021 12:36,Leeds,Gabriella Coffman,"Regular Iced americano - 2.15, Regular Hot Chocolate - 1.40, Large Filter coffee - 1.80",5.35,CARD,3795412573523283
23/03/2021 12:38,Leeds,David Sheridan,"Regular Speciality Tea - English breakfast - 1.30, Regular Chai latte - 2.30",3.60,CASH,
23/03/2021 12:40,Leeds,Celia Allen,"Large Filter coffee - 1.80, Large Hot Chocolate - 1.70, Regular Iced americano - 2.15",5.65,CARD,1811947381336578
23/03/2021 12:41,Leeds,Jessica Purser,"Large Chai latte - 2.60, Regular Iced americano - 2.15, Regular Iced americano - 2.15, Large Chai latte - 2.60, Large Chai latte - 2.60, Large Chai latte - 2.60",14.70,CARD,1886020917421761
23/03/2021 12:43,Leeds,Miguel Grant,"Large Hot Chocolate - 1.70, Regular Speciality Tea - English breakfast - 1.30",3.00,CARD,7321890940538423
23/03/2021 12:45,Leeds,Andrew Tovey,"Large Iced americano - 2.50, Regular Filter coffee - 1.50, Regular Iced americano - 2.15, Large Chai latte - 2.60",8.75,CASH,
23/03/2021 12:46,Leeds,Joseph Calandra,"Large Speciality Tea - English breakfast - 1.60, Large Iced americano - 2.50, Regular Chai latte - 2.30, Regular Filter coffee - 1.50, Large Chai latte - 2.60, Large Hot Chocolate - 1.70",12.20,CARD,6600213177232718
23/03/2021 12:48,Leeds,Keith Emmett,"Regular Filter coffee - 1.50, Large Chai latte - 2.60, Large Chai latte - 2.60",6.70,CARD,7684208639746770
23/03/2021 12:50,Leeds,Iola Cox,"Regular Hot Chocolate - 1.40, Large Filter coffee - 1.80, Regular Speciality Tea - English breakfast - 1.30, Regular Chai latte - 2.30",6.80,CASH,
23/03/2021 12:51,Leeds,Miguel Mayer,"Regular Chai latte - 2.30, Large Iced americano - 2.50",4.80,CARD,3367306121728135
23/03/2021 12:53,Leeds,Angela Parsons,"Large Filter coffee - 1.80, Large Hot Chocolate - 1.70, Large Iced americano - 2.50, Regular Filter coffee - 1.50, Regular Filter coffee - 1.50",9.00,CARD,5740894187879235
23/03/2021 12:55,Leeds,Mildred Bowell,"Large Hot Chocolate - 1.70, Large Chai latte - 2.60, Regular Hot Chocolate - 1.40, Large Iced americano - 2.50",8.20,CASH,
23/03/2021 12:56,Leeds,Margaret Gardner,Large Speciality Tea - English breakfast - 1.60,1.60,CASH,
23/03/2021 12:58,Leeds,Willie Edwards,"Large Iced americano - 2.50, Large Hot Chocolate - 1.70, Large Speciality Tea - English breakfast - 1.60, Regular Filter coffee - 1.50, Regular Filter coffee - 1.50",8.80,CASH,
23/03/2021 13:00,Leeds,Barbara Falbo,Large Speciality Tea - English breakfast - 1.60,1.60,CARD,6972815268028628
23/03/2021 13:00,Leeds,Guadalupe Phan,Large Iced americano - 2.50,2.50,CARD,4650472848571522
23/03/2021 13:01,Leeds,Rodney Gonzalez,"Large Speciality Tea - English breakfast - 1.60, Regular Speciality Tea - English breakfast - 1.30, Regular Hot Chocolate - 1.40, Regular Filter coffee - 1.50, Large Hot Chocolate - 1.70, Regular Iced americano - 2.15",9.65,CARD,5830707673519979
23/03/2021 13:02,Leeds,James Veilleux,Regular Iced americano - 2.15,2.15,CASH,
23/03/2021 13:03,Leeds,Richard Randle,"Regular Iced americano - 2.15, Regular Filter coffee - 1.50, Regular Filter coffee - 1.50, Large Iced americano - 2.50",7.65,CASH,
23/03/2021 13:04,Leeds,Marlene Thruman,Regular Hot Chocolate - 1.40,1.40,CARD,6426504055444285
23/03/2021 13:05,Leeds,Deanna Thomas,"Regular Iced americano - 2.15, Large Filter coffee - 1.80",3.95,CASH,
23/03/2021 13:05,Leeds,Bettyann King,"Large Hot Chocolate - 1.70, Large Speciality Tea - English breakfast - 1.60",3.30,CASH,
23/03/2021 13:06,Leeds,Joseph Gundersen,"Large Filter coffee - 1.80, Regular Filter coffee - 1.50, Large Filter coffee - 1.80",5.10,CARD,2859605274868556
23/03/2021 13:07,Leeds,Maria Arias,"Large Iced americano - 2.50, Regular Filter coffee - 1.50, Large Chai latte - 2.60, Regular Filter coffee - 1.50, Regular Filter coffee - 1.50",9.60,CARD,5155374895270582
23/03/2021 13:08,Leeds,Paul Chisam,"Regular Filter coffee - 1.50, Regular Iced americano - 2.15, Regular Iced americano - 2.15, Large Filter coffee - 1.80",7.60,CARD,4298216800256713
23/03/2021 13:09,Leeds,Brenda Mangram,"Large Filter coffee - 1.80, Large Filter coffee - 1.80, Regular Chai latte - 2.30, Regular Chai latte - 2.30",8.20,CASH,
23/03/2021 13:10,Leeds,Violet Miller,"Regular Speciality Tea - English breakfast - 1.30, Regular Hot Chocolate - 1.40, Large Iced americano - 2.50",5.20,CARD,9909414194415462
23/03/2021 13:10,Leeds,Valerie Rocha,Large Chai latte - 2.60,2.60,CARD,5940002918524898
23/03/2021 13:11,Leeds,Tamara Cadet,"Regular Iced americano - 2.15, Regular Hot Chocolate - 1.40, Regular Iced americano - 2.15",5.70,CARD,8679170547708925
23/03/2021 13:12,Leeds,Hilary Amisano,"Regular Chai latte - 2.30, Large Chai latte - 2.60, Regular Chai latte - 2.30, Large Chai latte - 2.60",9.80,CARD,9357429240301252
23/03/2021 13:13,Leeds,Annie Stene,"Regular Speciality Tea - English breakfast - 1.30, Regular Filter coffee - 1.50",2.80,CASH,
23/03/2021 13:14,Leeds,Marquerite Young,"Large Chai latte - 2.60, Large Chai latte - 2.60, Large Iced americano - 2.50, Large Chai latte - 2.60, Regular Speciality Tea - English breakfast - 1.30",11.60,CASH,
23/03/2021 13:15,Leeds,Allan Slavens,"Regular Speciality Tea - English breakfast - 1.30, Regular Filter coffee - 1.50, Large Speciality Tea - English breakfast - 1.60",4.40,CASH,
23/03/2021 13:15,Leeds,Carolann Leif,"Regular Iced americano - 2.15, Regular Hot Chocolate - 1.40, Regular Filter coffee - 1.50, Large Chai latte - 2.60, Regular Hot Chocolate - 1.40",9.05,CARD,7432120559740317
23/03/2021 13:16,Leeds,Mark Lawson,Large Iced americano - 2.50,2.50,CARD,4856733212183101
23/03/2021 13:17,Leeds,Maribeth Denk,"Large Iced americano - 2.50, Regular Hot Chocolate - 1.40",3.90,CASH,
23/03/2021 13:18,Leeds,Caroline Turner,"Large Speciality Tea - English breakfast - 1.60, Regular Iced americano - 2.15, Regular Speciality Tea - English breakfast - 1.30, Regular Speciality Tea - English breakfast - 1.30",6.35,CARD,6925829453596552
23/03/2021 13:19,Leeds,Barbara Martin,"Large Speciality Tea - English breakfast - 1.60, Large Chai latte - 2.60",4.20,CARD,3715205503929093
23/03/2021 13:20,Leeds,Scott Arce,"Regular Filter coffee - 1.50, Regular Filter coffee - 1.50",3.00,CARD,5943314944289946
23/03/2021 13:20,Leeds,Lorene Lowe,"Regular Iced americano - 2.15, Large Chai latte - 2.60, Regular Hot Chocolate - 1.40, Large Speciality Tea - English breakfast - 1.60, Regular Iced americano - 2.15",9.90,CARD,6259732037557032
23/03/2021 13:21,Leeds,Donald Rose,"Large Speciality Tea - English breakfast - 1.60, Regular Filter coffee - 1.50, Regular Chai latte - 2.30",5.40,CARD,9655252534780368
23/03/2021 13:22,Leeds,Candace Washington,Large Iced americano - 2.50,2.50,CASH,
23/03/2021 13:23,Leeds,Frank Simmons,"Large Chai latte - 2.60, Large Iced americano - 2.50",5.10,CASH,
23/03/2021 13:24,Leeds,Genevieve Johnson,"Large Hot Chocolate - 1.70, Regular Chai latte - 2.30, Regular Filter coffee - 1.50",5.50,CARD,1359896333744666
23/03/2021 13:25,Leeds,Joseph Renfroe,"Regular Chai latte - 2.30, Large Chai latte - 2.60, Regular Chai latte - 2.30, Regular Chai latte - 2.30, Large Filter coffee - 1.80",11.30,CARD,6764090884327505
23/03/2021 13:25,Leeds,Anna Bacon,"Regular Filter coffee - 1.50, Large Iced americano - 2.50, Regular Hot Chocolate - 1.40, Regular Chai latte - 2.30",7.70,CASH,
23/03/2021 13:26,Leeds,Derek Allen,"Large Chai latte - 2.60, Large Iced americano - 2.50, Regular Speciality Tea - English breakfast - 1.30",6.40,CARD,3331260810617753
23/03/2021 13:27,Leeds,Richard Lampley,"Regular Hot Chocolate - 1.40, Large Filter coffee - 1.80, Large Iced americano - 2.50, Regular Chai latte - 2.30, Large Filter coffee - 1.80, Regular Iced americano - 2.15",11.95,CASH,
23/03/2021 13:28,Leeds,Lori Thomason,Regular Iced americano - 2.15,2.15,CARD,4031644348060629
23/03/2021 13:29,Leeds,Phyllis Daniels,"Large Iced americano - 2.50, Regular Iced americano - 2.15",4.65,CARD,6956956870819252
23/03/2021 13:30,Leeds,Theresa Lawson,Large Iced americano - 2.50,2.50,CASH,
23/03/2021 13:30,Leeds,Laura Johnson,Large Speciality Tea - English breakfast - 1.60,1.60,CASH,
23/03/2021 13:31,Leeds,Alicia Cruz,Regular Filter coffee - 1.50,1.50,CARD,9313282248035346
23/03/2021 13:32,Leeds,Linda Fenster,"Regular Iced americano - 2.15, Large Speciality Tea - English breakfast - 1.60, Large Filter coffee - 1.80, Regular Chai latte - 2.30, Regular Hot Chocolate - 1.40",9.25,CARD,3780305380180502
23/03/2021 13:33,Leeds,Courtney Phinney,"Large Chai latte - 2.60, Large Iced americano - 2.50",5.10,CARD,9843299521907748
23/03/2021 13:34,Leeds,Celia Hall,"Large Filter coffee - 1.80, Large Speciality Tea - English breakfast - 1.60, Regular Chai latte - 2.30, Regular Iced americano - 2.15, Large Iced americano - 2.50, Large Speciality Tea - English breakfast - 1.60",11.95,CARD,1593744445998192
23/03/2021 13:35,Leeds,Forrest Loock,Regular Iced americano - 2.15,2.15,CARD,1553474533393285
23/03/2021 13:35,Leeds,David Purcell,Regular Chai latte - 2.30,2.30,CARD,6673696227846771
23/03/2021 13:36,Leeds,Bernice Roberts,"Large Hot Chocolate - 1.70, Regular Hot Chocolate - 1.40, Large Hot Chocolate - 1.70, Regular Iced americano - 2.15, Large Hot Chocolate - 1.70, Large Iced americano - 2.50",11.15,CARD,7107143969386424
23/03/2021 13:37,Leeds,James Paul,"Regular Iced americano - 2.15, Regular Iced americano - 2.15, Regular Iced americano - 2.15, Large Speciality Tea - English breakfast - 1.60, Regular Speciality Tea - English breakfast - 1.30",9.35,CARD,4854377672837330
23/03/2021 13:38,Leeds,James Weiss,"Regular Chai latte - 2.30, Large Chai latte - 2.60, Regular Hot Chocolate - 1.40",6.30,CASH,
23/03/2021 13:39,Leeds,Pauline Swearingen,"Large Chai latte - 2.60, Regular Chai latte - 2.30, Large Speciality Tea - English breakfast - 1.60, Regular Speciality Tea - English breakfast - 1.30",7.80,CARD,8767066470091970
23/03/2021 13:40,Leeds,Andy Bush,"Large Filter coffee - 1.80, Regular Chai latte - 2.30",4.10,CARD,1262355802219527
23/03/2021 13:40,Leeds,Robert Pegues,"Large Chai latte - 2.60, Regular Hot Chocolate - 1.40, Regular Filter coffee - 1.50",5.50,CASH,
23/03/2021 13:41,Leeds,Cathern Stamey,"Large Filter coffee - 1.80, Large Chai latte - 2.60, Large Speciality Tea - English breakfast - 1.60, Regular Chai latte - 2.30, Large Filter coffee - 1.80",10.10,CARD,5800232104685243
23/03/2021 13:42,Leeds,Kent Dobbins,"Large Chai latte - 2.60, Regular Chai latte - 2.30, Regular Hot Chocolate - 1.40, Regular Filter coffee - 1.50",7.80,CARD,2736020287806277
23/03/2021 13:43,Leeds,Lauren Leis,Large Hot Chocolate - 1.70,1.70,CARD,1198544867336096
23/03/2021 13:44,Leeds,Charles Simon,"Regular Chai latte - 2.30, Regular Chai latte - 2.30, Large Iced americano - 2.50",7.10,CARD,5136901328976094
23/03/2021 13:45,Leeds,Nathan Saunders,Regular Filter coffee - 1.50,1.50,CARD,8281685714560853
23/03/2021 13:45,Leeds,Sharyn Blackwell,Large Iced americano - 2.50,2.50,CASH,
23/03/2021 13:46,Leeds,Raymond Robinson,"Regular Speciality Tea - English breakfast - 1.30, Large Chai latte - 2.60, Regular Filter coffee - 1.50, Large Chai latte - 2.60, Large Filter coffee - 1.80",9.80,CARD,4978772382874202
23/03/2021 13:47,Leeds,Jeffrey Davis,"Regular Speciality Tea - English breakfast - 1.30, Large Chai latte - 2.60, Large Iced americano - 2.50",6.40,CARD,7127659778990305
23/03/2021 13:48,Leeds,Michael Underwood,"Regular Chai latte - 2.30, Large Chai latte - 2.60, Large Filter coffee - 1.80",6.70,CASH,
23/03/2021 13:49,Leeds,Janet Garrett,"Large Speciality Tea - English breakfast - 1.60, Regular Filter coffee - 1.50",3.10,CARD,7584647600574872
23/03/2021 13:50,Leeds,Ronald Adams,Large Filter coffee - 1.80,1.80,CARD,2493357461353051
23/03/2021 13:50,Leeds,Jerome Evanich,"Regular Speciality Tea - English breakfast - 1.30, Large Iced americano - 2.50, Regular Hot Chocolate - 1.40, Regular Iced americano - 2.15, Large Hot Chocolate - 1.70, Regular Filter coffee - 1.50",10.55,CARD,6837211044515791
23/03/2021 13:51,Leeds,Denise Toler,Regular Hot Chocolate - 1.40,1.40,CARD,6656090625069638
23/03/2021 13:52,Leeds,Rosa Rogers,"Large Filter coffee - 1.80, Regular Iced americano - 2.15, Regular Hot Chocolate - 1.40",5.35,CASH,
23/03/2021 13:53,Leeds,Walter King,Large Filter coffee - 1.80,1.80,CARD,4459642246050766
23/03/2021 13:54,Leeds,Harold Manley,Large Iced americano - 2.50,2.50,CARD,2376228926241180
23/03/2021 13:55,Leeds,Wade Walters,"Regular Filter coffee - 1.50, Regular Filter coffee - 1.50, Large Iced americano - 2.50, Regular Filter coffee - 1.50",7.00,CARD,2515674945019492
23/03/2021 13:55,Leeds,Alta Swenson,"Regular Chai latte - 2.30, Large Hot Chocolate - 1.70",4.00,CASH,
23/03/2021 13:56,Leeds,Deane Long,Regular Filter coffee - 1.50,1.50,CARD,6865902627978783
23/03/2021 13:57,Leeds,James Lilly,"Large Filter coffee - 1.80, Regular Iced americano - 2.15, Regular Filter coffee - 1.50, Large Iced americano - 2.50",7.95,CARD,3220680091422755
23/03/2021 13:58,Leeds,Christy Davis,"Large Hot Chocolate - 1.70, Regular Iced americano - 2.15, Regular Hot Chocolate - 1.40, Regular Hot Chocolate - 1.40, Large Chai latte - 2.60",9.25,CARD,1686039316956263
23/03/2021 13:59,Leeds,David Purvis,Regular Filter coffee - 1.50,1.50,CASH,
23/03/2021 14:00,Leeds,Ruby Cureton,"Regular Hot Chocolate - 1.40, Regular Iced americano - 2.15, Regular Chai latte - 2.30",5.85,CARD,9827287847622656
23/03/2021 14:01,Leeds,Dana Hines,Large Filter coffee - 1.80,1.80,CASH,
23/03/2021 14:02,Leeds,Mason Nash,"Large Hot Chocolate - 1.70, Regular Iced americano - 2.15",3.85,CARD,1558476807829901
23/03/2021 14:02,Leeds,Clifton Bradbury,"Large Speciality Tea - English breakfast - 1.60, Regular Filter coffee - 1.50",3.10,CASH,
23/03/2021 14:03,Leeds,Jennifer Ward,"Regular Hot Chocolate - 1.40, Large Chai latte - 2.60, Large Iced americano - 2.50",6.50,CARD,9165656636427523
23/03/2021 14:04,Leeds,Faith Owens,"Regular Hot Chocolate - 1.40, Large Chai latte - 2.60",4.00,CARD,1930862870686494
23/03/2021 14:05,Leeds,Ralph Hullihen,"Regular Chai latte - 2.30, Regular Chai latte - 2.30, Regular Speciality Tea - English breakfast - 1.30, Large Iced americano - 2.50, Regular Filter coffee - 1.50",9.90,CARD,6727173460184517
23/03/2021 14:06,Leeds,Guy Freeman,"Regular Hot Chocolate - 1.40, Large Filter coffee - 1.80, Regular Speciality Tea - English breakfast - 1.30",4.50,CARD,2966837942252844
23/03/2021 14:07,Leeds,Edward Owen,"Large Filter coffee - 1.80, Regular Speciality Tea - English breakfast - 1.30, Regular Speciality Tea - English breakfast - 1.30",4.40,CASH,
23/03/2021 14:08,Leeds,Raymond Delagarza,"Regular Filter coffee - 1.50, Regular Filter coffee - 1.50, Large Filter coffee - 1.80",4.80,CARD,2904562471086406
23/03/2021 14:09,Leeds,Kristel Ward,Large Speciality Tea - English breakfast - 1.60,1.60,CASH,
23/03/2021 14:10,Leeds,Jeremiah Mcginty,"Large Filter coffee - 1.80, Large Chai latte - 2.60, Regular Hot Chocolate - 1.40, Regular Speciality Tea - English breakfast - 1.30",7.10,CARD,7340801742102548
23/03/2021 14:11,Leeds,Melanie Cooper,"Regular Filter coffee - 1.50, Large Iced americano - 2.50, Large Chai latte - 2.60",6.60,CASH,
23/03/2021 14:12,Leeds,William Blakely,Regular Iced americano - 2.15,2.15,CASH,
23/03/2021 14:13,Leeds,Ida Schoemaker,Regular Speciality Tea - English breakfast - 1.30,1.30,CARD,7982879879731995
23/03/2021 14:14,Leeds,Thomas Durham,"Large Hot Chocolate - 1.70, Regular Iced americano - 2.15, Regular Speciality Tea - English breakfast - 1.30",5.15,CASH,
23/03/2021 14:15,Leeds,Helen Dorland,"Large Hot Chocolate - 1.70, Regular Speciality Tea - English breakfast - 1.30",3.00,CARD,5168563617289747
23/03/2021 14:16,Leeds,Ned Dominguez,"Large Chai latte - 2.60, Large Speciality Tea - English breakfast - 1.60, Large Iced americano - 2.50",6.70,CARD,5113586740723459
23/03/2021 14:17,Leeds,Irene Velasquez,"Regular Hot Chocolate - 1.40, Regular Filter coffee - 1.50",2.90,CASH,
23/03/2021 14:18,Leeds,Yvonne Mcevoy,"Regular Iced americano - 2.15, Regular Speciality Tea - English breakfast - 1.30, Regular Speciality Tea - English breakfast - 1.30",4.75,CASH,
23/03/2021 14:19,Leeds,Melba Lavergne,Regular Filter coffee - 1.50,1.50,CARD,6570938760340839
23/03/2021 14:20,Leeds,Julia Silverman,Large Chai latte - 2.60,2.60,CASH,
23/03/2021 14:21,Leeds,Ronald Smith,Regular Chai latte - 2.30,2.30,CARD,9455231387006463
23/03/2021 14:21,Leeds,April Metge,"Regular Chai latte - 2.30, Regular Hot Chocolate - 1.40",3.70,CASH,
23/03/2021 14:22,Leeds,Patsy Griffin,"Large Chai latte - 2.60, Regular Iced americano - 2.15, Regular Filter coffee - 1.50",6.25,CASH,
23/03/2021 14:23,Leeds,Janet Ellison,"Large Chai latte - 2.60, Regular Speciality Tea - English breakfast - 1.30, Regular Speciality Tea - English breakfast - 1.30",5.20,CARD,6580397232643687
23/03/2021 14:24,Leeds,Joseph Boyda,"Regular Filter coffee - 1.50, Large Hot Chocolate - 1.70, Regular Chai latte - 2.30",5.50,CARD,1688686954366745
23/03/2021 14:25,Leeds,Corey Murillo,"Large Filter coffee - 1.80, Regular Hot Chocolate - 1.40",3.20,CARD,3921135189545032
23/03/2021 14:26,Leeds,Danielle Martinez,"Large Filter coffee - 1.80, Large Chai latte - 2.60, Large Chai latte - 2.60, Large Speciality Tea - English breakfast - 1.60",8.60,CARD,5488089744402452
23/03/2021 14:27,Leeds,Andrew Mcneil,"Regular Hot Chocolate - 1.40, Large Hot Chocolate - 1.70, Regular Filter coffee - 1.50, Large Speciality Tea - English breakfast - 1.60",6.20,CASH,
23/03/2021 14:28,Leeds,James Mcdonald,"Large Filter coffee - 1.80, Regular Iced americano - 2.15",3.95,CARD,5416068935294677
23/03/2021 14:29,Leeds,Tammie Heredia,Large Iced americano - 2.50,2.50,CARD,9917812842564778
23/03/2021 14:30,Leeds,Krystyna Nalls,"Large Speciality Tea - English breakfast - 1.60, Regular Chai latte - 2.30, Regular Chai latte - 2.30",6.20,CASH,
23/03/2021 14:31,Leeds,Viola Haga,"Large Iced americano - 2.50, Regular Speciality Tea - English breakfast - 1.30, Regular Filter coffee - 1.50",5.30,CARD,9099626810713399
23/03/2021 14:32,Leeds,Charles Winslow,"Regular Filter coffee - 1.50, Large Iced americano - 2.50, Large Chai latte - 2.60",6.60,CARD,1526327475232969
23/03/2021 14:33,Leeds,Bill North,"Large Speciality Tea - English breakfast - 1.60, Large Iced americano - 2.50",4.10,CARD,2377558608842756
23/03/2021 14:34,Leeds,Patricia Ridenour,"Regular Filter coffee - 1.50, Regular Chai latte - 2.30, Large Iced americano - 2.50, Regular Hot Chocolate - 1.40, Large Hot Chocolate - 1.70, Regular Hot Chocolate - 1.40",10.80,CARD,6475994093743773
23/03/2021 14:35,Leeds,Mary Rodriguez,Regular Hot Chocolate - 1.40,1.40,CASH,
23/03/2021 14:36,Leeds,Eric Cox,"Large Hot Chocolate - 1.70, Large Hot Chocolate - 1.70, Large Chai latte - 2.60, Regular Chai latte - 2.30, Large Filter coffee - 1.80",10.10,CARD,8313412415410935
23/03/2021 14:37,Leeds,Dennis Pelayo,"Large Hot Chocolate - 1.70, Large Chai latte - 2.60",4.30,CARD,8524544343585518
23/03/2021 14:38,Leeds,Laura Shapiro,"Regular Speciality Tea - English breakfast - 1.30, Large Chai latte - 2.60",3.90,CARD,3152615991083227
23/03/2021 14:39,Leeds,Sara Mitchell,Regular Hot Chocolate - 1.40,1.40,CARD,6547260274065231
23/03/2021 14:40,Leeds,Patrick Keener,Regular Chai latte - 2.30,2.30,CARD,3395033363610524
23/03/2021 14:40,Leeds,Rosalia Suriel,"Large Hot Chocolate - 1.70, Large Filter coffee - 1.80, Large Speciality Tea - English breakfast - 1.60, Regular Speciality Tea - English breakfast - 1.30, Large Filter coffee - 1.80",8.20,CARD,6077523495832443
23/03/2021 14:41,Leeds,Ernest Olivera,Regular Filter coffee - 1.50,1.50,CARD,8221429009160582
23/03/2021 14:42,Leeds,Rueben Haddox,"Large Chai latte - 2.60, Regular Chai latte - 2.30",4.90,CARD,9917392399323032
23/03/2021 14:43,Leeds,Donald Seay,"Regular Speciality Tea - English breakfast - 1.30, Large Filter coffee - 1.80",3.10,CASH,
23/03/2021 14:44,Leeds,Meghan Wei,"Regular Filter coffee - 1.50, Regular Chai latte - 2.30",3.80,CARD,7876602713342802
23/03/2021 14:45,Leeds,Lesley Edmondson,"Large Filter coffee - 1.80, Regular Speciality Tea - English breakfast - 1.30, Regular Chai latte - 2.30, Regular Iced americano - 2.15, Large Filter coffee - 1.80",9.35,CARD,9784392065588211
23/03/2021 14:46,Leeds,Brandon Mabe,"Large Chai latte - 2.60, Large Hot Chocolate - 1.70, Large Filter coffee - 1.80",6.10,CASH,
23/03/2021 14:47,Leeds,Russell Rodrigues,"Large Filter coffee - 1.80, Regular Filter coffee - 1.50, Large Filter coffee - 1.80, Large Filter coffee - 1.80",6.90,CARD,5319033592661149
23/03/2021 14:48,Leeds,Donald Molitor,"Regular Filter coffee - 1.50, Regular Hot Chocolate - 1.40",2.90,CASH,
23/03/2021 14:49,Leeds,Rachel Coren,"Regular Chai latte - 2.30, Large Hot Chocolate - 1.70",4.00,CARD,6454429249658605
23/03/2021 14:50,Leeds,Kimberly Beaver,Large Filter coffee - 1.80,1.80,CASH,
23/03/2021 14:51,Leeds,Alfred Edwards,"Regular Speciality Tea - English breakfast - 1.30, Regular Hot Chocolate - 1.40",2.70,CASH,
23/03/2021 14:52,Leeds,Jennifer Wilks,"Regular Filter coffee - 1.50, Large Chai latte - 2.60, Large Filter coffee - 1.80",5.90,CARD,3828321365401511
23/03/2021 14:53,Leeds,David Steen,"Regular Iced americano - 2.15, Large Iced americano - 2.50, Large Iced americano - 2.50, Regular Chai latte - 2.30, Large Chai latte - 2.60",12.05,CASH,
23/03/2021 14:54,Leeds,Nancy Foy,"Regular Hot Chocolate - 1.40, Large Hot Chocolate - 1.70, Large Filter coffee - 1.80",4.90,CARD,5449327434889075
23/03/2021 14:55,Leeds,Linda Rosen,"Large Chai latte - 2.60, Large Chai latte - 2.60, Regular Filter coffee - 1.50, Regular Filter coffee - 1.50",8.20,CASH,
23/03/2021 14:56,Leeds,Donald Hoyle,"Large Speciality Tea - English breakfast - 1.60, Large Iced americano - 2.50, Regular Iced americano - 2.15, Regular Chai latte - 2.30, Regular Filter coffee - 1.50",10.05,CARD,8458113857414873
23/03/2021 14:57,Leeds,Debra Harris,"Regular Chai latte - 2.30, Regular Chai latte - 2.30",4.60,CASH,
23/03/2021 14:58,Leeds,Dana Diaz,"Regular Speciality Tea - English breakfast - 1.30, Large Iced americano - 2.50, Large Filter coffee - 1.80",5.60,CARD,6212875316112216
23/03/2021 14:59,Leeds,Jana Hickman,Large Hot Chocolate - 1.70,1.70,CARD,2112087914295342
23/03/2021 14:59,Leeds,Michael Cervantes,"Large Chai latte - 2.60, Regular Speciality Tea - English breakfast - 1.30, Regular Speciality Tea - English breakfast - 1.30, Large Speciality Tea - English breakfast - 1.60, Large Filter coffee - 1.80, Large Speciality Tea - English breakfast - 1.60",10.20,CARD,9947507046706531
23/03/2021 15:00,Leeds,Christopher Dennis,"Large Iced americano - 2.50, Large Speciality Tea - English breakfast - 1.60, Regular Chai latte - 2.30, Regular Chai latte - 2.30",8.70,CARD,8026054666542369
23/03/2021 15:01,Leeds,Andrew Harrell,Large Speciality Tea - English breakfast - 1.60,1.60,CARD,9279685063934694
23/03/2021 15:02,Leeds,Shaun Vaughn,"Regular Filter coffee - 1.50, Large Iced americano - 2.50, Regular Hot Chocolate - 1.40, Regular Speciality Tea - English breakfast - 1.30",6.70,CARD,9109568334457459
23/03/2021 15:03,Leeds,Conrad Henricks,"Regular Chai latte - 2.30, Large Filter coffee - 1.80, Regular Filter coffee - 1.50, Regular Speciality Tea - English breakfast - 1.30, Large Hot Chocolate - 1.70",8.60,CARD,9851985861565585
23/03/2021 15:04,Leeds,Kendrick Graves,"Large Iced americano - 2.50, Large Speciality Tea - English breakfast - 1.60, Large Chai latte - 2.60, Regular Chai latte - 2.30, Regular Speciality Tea - English breakfast - 1.30",10.30,CARD,7536370444578273
23/03/2021 15:05,Leeds,Clark Jackson,"Regular Iced americano - 2.15, Large Chai latte - 2.60, Regular Filter coffee - 1.50, Large Filter coffee - 1.80, Large Filter coffee - 1.80",9.85,CARD,3835855148067269
23/03/2021 15:06,Leeds,Donald Benton,"Regular Chai latte - 2.30, Regular Filter coffee - 1.50, Large Hot Chocolate - 1.70, Regular Iced americano - 2.15",7.65,CARD,5428488736777997
23/03/2021 15:07,Leeds,Beatrice Nettles,Regular Hot Chocolate - 1.40,1.40,CARD,2787934752837281
23/03/2021 15:07,Leeds,Roland Preyer,"Large Filter coffee - 1.80, Regular Hot Chocolate - 1.40, Large Iced americano - 2.50",5.70,CARD,9784664377301250
23/03/2021 15:08,Leeds,Robert Bell,"Large Hot Chocolate - 1.70, Regular Filter coffee - 1.50",3.20,CARD,8691003463675380
23/03/2021 15:09,Leeds,Debra Reyes,"Large Iced americano - 2.50, Regular Filter coffee - 1.50, Large Speciality Tea - English breakfast - 1.60",5.60,CARD,4931987024020291
23/03/2021 15:10,Leeds,Lorina Nicholson,"Large Hot Chocolate - 1.70, Large Filter coffee - 1.80, Regular Chai latte - 2.30, Large Iced americano - 2.50, Regular Iced americano - 2.15",10.45,CARD,5523935769756956
23/03/2021 15:11,Leeds,Catherine Jackson,"Large Hot Chocolate - 1.70, Large Speciality Tea - English breakfast - 1.60",3.30,CARD,1063207409977402
23/03/2021 15:12,Leeds,Rose Engle,Regular Speciality Tea - English breakfast - 1.30,1.30,CARD,7820845739272266
23/03/2021 15:13,Leeds,Phyllis Phelps,"Large Speciality Tea - English breakfast - 1.60, Regular Chai latte - 2.30",3.90,CARD,2318322333714085
23/03/2021 15:14,Leeds,Kyle Atkinson,"Regular Filter coffee - 1.50, Large Chai latte - 2.60, Large Filter coffee - 1.80",5.90,CARD,2882485227546603
23/03/2021 15:14,Leeds,Suzanne Addy,"Large Filter coffee - 1.80, Large Iced americano - 2.50, Large Filter coffee - 1.80",6.10,CARD,5051160236792637
23/03/2021 15:15,Leeds,Jennifer Donnelly,Large Hot Chocolate - 1.70,1.70,CARD,5475749494837870
23/03/2021 15:16,Leeds,James Burton,"Large Iced americano - 2.50, Regular Speciality Tea - English breakfast - 1.30, Large Iced americano - 2.50",6.30,CARD,2198746609253398
23/03/2021 15:17,Leeds,Martina Messer,"Regular Speciality Tea - English breakfast - 1.30, Regular Chai latte - 2.30",3.60,CASH,
23/03/2021 15:18,Leeds,Henry Block,Regular Filter coffee - 1.50,1.50,CARD,8068462486308684
23/03/2021 15:19,Leeds,Delores Esparza,"Large Filter coffee - 1.80, Large Filter coffee - 1.80",3.60,CARD,1672066265970830
23/03/2021 15:20,Leeds,Delila Wool,"Large Filter coffee - 1.80, Large Filter coffee - 1.80, Large Filter coffee - 1.80, Large Speciality Tea - English breakfast - 1.60",7.00,CARD,4714371533361814
23/03/2021 15:21,Leeds,Michael Battle,Large Filter coffee - 1.80,1.80,CARD,7934704750470481
23/03/2021 15:21,Leeds,James Sims,Regular Filter coffee - 1.50,1.50,CASH,
23/03/2021 15:22,Leeds,Dorothy Mcdaniel,Large Filter coffee - 1.80,1.80,CARD,7983116415219304
23/03/2021 15:23,Leeds,William Doire,"Regular Iced americano - 2.15, Large Speciality Tea - English breakfast - 1.60",3.75,CASH,
23/03/2021 15:24,Leeds,Alexandria Sutherland,"Large Filter coffee - 1.80, Regular Iced americano - 2.15, Large Chai latte - 2.60",6.55,CASH,
23/03/2021 15:25,Leeds,Doris Hernandez,"Large Chai latte - 2.60, Regular Hot Chocolate - 1.40, Large Iced americano - 2.50",6.50,CARD,9021930002187974
23/03/2021 15:26,Leeds,Jay Babcock,Large Speciality Tea - English breakfast - 1.60,1.60,CARD,3928786710516733
23/03/2021 15:27,Leeds,Sarah Love,"Regular Hot Chocolate - 1.40, Large Hot Chocolate - 1.70, Regular Speciality Tea - English breakfast - 1.30, Regular Chai latte - 2.30, Large Iced americano - 2.50",9.20,CARD,4208983633780457
23/03/2021 15:28,Leeds,Amanda Belcher,Large Iced americano - 2.50,2.50,CASH,
23/03/2021 15:29,Leeds,Lisa Williams,"Large Speciality Tea - English breakfast - 1.60, Regular Speciality Tea - English breakfast - 1.30",2.90,CARD,3181029995571302
23/03/2021 15:29,Leeds,Cynthia Roach,"Regular Speciality Tea - English breakfast - 1.30, Regular Chai latte - 2.30, Large Speciality Tea - English breakfast - 1.60, Regular Chai latte - 2.30, Regular Speciality Tea - English breakfast - 1.30",8.80,CASH,
23/03/2021 15:30,Leeds,Richard Haynes,"Large Iced americano - 2.50, Regular Speciality Tea - English breakfast - 1.30, Large Speciality Tea - English breakfast - 1.60",5.40,CARD,2385688468644199
23/03/2021 15:31,Leeds,Jose Grate,"Large Hot Chocolate - 1.70, Large Speciality Tea - English breakfast - 1.60, Regular Chai latte - 2.30, Regular Chai latte - 2.30",7.90,CARD,2243452475413856
23/03/2021 15:32,Leeds,Mary Fletcher,"Large Filter coffee - 1.80, Regular Hot Chocolate - 1.40, Regular Chai latte - 2.30, Regular Hot Chocolate - 1.40, Regular Hot Chocolate - 1.40",8.30,CARD,6600459563336176
23/03/2021 15:33,Leeds,Kimberly Curry,Large Speciality Tea - English breakfast - 1.60,1.60,CARD,7432689634014237
23/03/2021 15:34,Leeds,Adrianne Goldman,"Large Filter coffee - 1.80, Large Chai latte - 2.60, Regular Hot Chocolate - 1.40, Large Iced americano - 2.50, Large Iced americano - 2.50, Large Iced americano - 2.50",13.30,CARD,2223467921331893
23/03/2021 15:35,Leeds,Carmela Murphy,"Regular Hot Chocolate - 1.40, Regular Hot Chocolate - 1.40, Regular Filter coffee - 1.50, Large Filter coffee - 1.80, Large Speciality Tea - English breakfast - 1.60",7.70,CARD,3138084572446025
23/03/2021 15:36,Leeds,Scott Massengale,"Large Speciality Tea - English breakfast - 1.60, Large Filter coffee - 1.80, Large Hot Chocolate - 1.70, Large Iced americano - 2.50, Large Filter coffee - 1.80",9.40,CARD,4687805421590975
23/03/2021 15:36,Leeds,David Corbin,Large Hot Chocolate - 1.70,1.70,CARD,9156365308420992
23/03/2021 15:37,Leeds,Rodolfo Grimes,"Regular Filter coffee - 1.50, Regular Iced americano - 2.15, Regular Hot Chocolate - 1.40",5.05,CARD,2729509893285659
23/03/2021 15:38,Leeds,Miriam Layne,Regular Speciality Tea - English breakfast - 1.30,1.30,CASH,
23/03/2021 15:39,Leeds,Earl Roden,"Regular Iced americano - 2.15, Regular Chai latte - 2.30, Regular Iced americano - 2.15, Regular Hot Chocolate - 1.40, Regular Hot Chocolate - 1.40",9.40,CASH,
23/03/2021 15:40,Leeds,Joanne Kesselman,Regular Speciality Tea - English breakfast - 1.30,1.30,CARD,7183050555557562
23/03/2021 15:41,Leeds,Bruce Severson,"Regular Speciality Tea - English breakfast - 1.30, Regular Speciality Tea - English breakfast - 1.30, Regular Filter coffee - 1.50, Regular Hot Chocolate - 1.40",5.50,CARD,3586324040050102
23/03/2021 15:42,Leeds,Bryan Nordhoff,"Regular Filter coffee - 1.50, Large Filter coffee - 1.80, Large Speciality Tea - English breakfast - 1.60, Regular Hot Chocolate - 1.40",6.30,CASH,
23/03/2021 15:43,Leeds,Donald Bussman,"Large Speciality Tea - English breakfast - 1.60, Large Chai latte - 2.60, Regular Hot Chocolate - 1.40",5.60,CASH,
23/03/2021 15:43,Leeds,Tyrone Rodriguez,"Large Filter coffee - 1.80, Regular Filter coffee - 1.50, Regular Chai latte - 2.30, Regular Filter coffee - 1.50",7.10,CARD,2255796082148587
23/03/2021 15:44,Leeds,Rebecca Duncan,Large Iced americano - 2.50,2.50,CARD,7984508841015898
23/03/2021 15:45,Leeds,David Breceda,"Regular Chai latte - 2.30, Large Filter coffee - 1.80, Large Speciality Tea - English breakfast - 1.60, Regular Hot Chocolate - 1.40, Regular Iced americano - 2.15",9.25,CARD,4127846235136238
23/03/2021 15:46,Leeds,John Williams,"Large Iced americano - 2.50, Regular Filter coffee - 1.50, Regular Hot Chocolate - 1.40",5.40,CARD,8707554493008941
23/03/2021 15:47,Leeds,Jack Watson,Large Filter coffee - 1.80,1.80,CARD,6928877997658232
23/03/2021 15:48,Leeds,Don Percy,"Large Filter coffee - 1.80, Regular Filter coffee - 1.50, Large Filter coffee - 1.80, Large Chai latte - 2.60, Regular Chai latte - 2.30, Regular Iced americano - 2.15",12.15,CARD,5982657327421482
23/03/2021 15:49,Leeds,Peggy Espinoza,"Large Speciality Tea - English breakfast - 1.60, Large Chai latte - 2.60",4.20,CASH,
23/03/2021 15:50,Leeds,Janice Tavares,"Large Speciality Tea - English breakfast - 1.60, Large Chai latte - 2.60, Large Iced americano - 2.50, Large Filter coffee - 1.80",8.50,CARD,3350469127767699
23/03/2021 15:50,Leeds,Gabriela Stewart,"Large Chai latte - 2.60, Large Filter coffee - 1.80, Regular Speciality Tea - English breakfast - 1.30, Large Iced americano - 2.50",8.20,CASH,
23/03/2021 15:51,Leeds,Conrad Mueller,"Regular Filter coffee - 1.50, Large Iced americano - 2.50, Regular Filter coffee - 1.50, Large Chai latte - 2.60",8.10,CARD,2556544523412634
23/03/2021 15:52,Leeds,Rosemarie Toohey,"Regular Chai latte - 2.30, Large Speciality Tea - English breakfast - 1.60",3.90,CARD,3903248239213899
23/03/2021 15:53,Leeds,Marcel Corey,"Large Iced americano - 2.50, Regular Hot Chocolate - 1.40, Large Chai latte - 2.60, Regular Filter coffee - 1.50",8.00,CARD,1156532795601783
23/03/2021 15:54,Leeds,Phoebe Abrego,"Regular Filter coffee - 1.50, Regular Chai latte - 2.30, Large Chai latte - 2.60",6.40,CASH,
23/03/2021 15:55,Leeds,Shelli Spann,"Regular Speciality Tea - English breakfast - 1.30, Large Iced americano - 2.50",3.80,CASH,
23/03/2021 15:56,Leeds,Velma Hitchcock,"Large Hot Chocolate - 1.70, Regular Speciality Tea - English breakfast - 1.30, Regular Filter coffee - 1.50",4.50,CARD,5605560708747586
23/03/2021 15:57,Leeds,Terrance Drain,"Large Iced americano - 2.50, Regular Chai latte - 2.30",4.80,CARD,6781560483615077
23/03/2021 15:58,Leeds,Emmanuel Glover,"Large Iced americano - 2.50, Regular Hot Chocolate - 1.40",3.90,CARD,6244748957109563
23/03/2021 15:58,Leeds,Eddy Robertson,"Large Chai latte - 2.60, Large Iced americano - 2.50, Large Iced americano - 2.50",7.60,CASH,
23/03/2021 15:59,Leeds,Leon Francis,"Regular Filter coffee - 1.50, Large Chai latte - 2.60, Large Chai latte - 2.60",6.70,CARD,2895541423604097
23/03/2021 16:00,Leeds,Cheryl Bailey,"Regular Speciality Tea - English breakfast - 1.30, Large Chai latte - 2.60, Regular Iced americano - 2.15, Large Speciality Tea - English breakfast - 1.60, Regular Speciality Tea - English breakfast - 1.30, Regular Filter coffee - 1.50",10.45,CARD,8846671329928431
23/03/2021 16:02,Leeds,Alexander Bercier,"Regular Chai latte - 2.30, Regular Iced americano - 2.15, Regular Speciality Tea - English breakfast - 1.30, Large Filter coffee - 1.80",7.55,CARD,9022189590331013
23/03/2021 16:04,Leeds,Glen Trollinger,"Large Filter coffee - 1.80, Regular Hot Chocolate - 1.40, Large Iced americano - 2.50, Large Speciality Tea - English breakfast - 1.60, Regular Speciality Tea - English breakfast - 1.30, Regular Chai latte - 2.30",10.90,CARD,8297443118866168
23/03/2021 16:05,Leeds,Hyman Tauras,"Regular Hot Chocolate - 1.40, Large Filter coffee - 1.80, Large Speciality Tea - English breakfast - 1.60, Regular Iced americano - 2.15, Large Speciality Tea - English breakfast - 1.60",8.55,CARD,7339728746682889
23/03/2021 16:07,Leeds,Karl Sullivan,"Large Filter coffee - 1.80, Regular Filter coffee - 1.50",3.30,CARD,2471162076784905
23/03/2021 16:09,Leeds,Stanley Bough,"Large Filter coffee - 1.80, Regular Speciality Tea - English breakfast - 1.30, Regular Filter coffee - 1.50",4.60,CARD,4505185510182295
23/03/2021 16:11,Leeds,Debbie Guzman,"Large Filter coffee - 1.80, Large Iced americano - 2.50, Regular Filter coffee - 1.50, Large Hot Chocolate - 1.70, Large Speciality Tea - English breakfast - 1.60, Regular Hot Chocolate - 1.40",10.50,CASH,
23/03/2021 16:12,Leeds,Amy Hollis,"Regular Chai latte - 2.30, Large Speciality Tea - English breakfast - 1.60",3.90,CARD,8776197740140264
23/03/2021 16:14,Leeds,Barbara Petrovic,"Large Chai latte - 2.60, Regular Filter coffee - 1.50, Large Filter coffee - 1.80, Large Chai latte - 2.60, Large Chai latte - 2.60",11.10,CARD,7190718623323434
23/03/2021 16:16,Leeds,Bobbie Motes,Regular Hot Chocolate - 1.40,1.40,CARD,8266590999461081
23/03/2021 16:18,Leeds,Tasha Dorman,"Regular Speciality Tea - English breakfast - 1.30, Regular Iced americano - 2.15",3.45,CARD,4065965516073763
23/03/2021 16:19,Leeds,Jean Ross,"Large Iced americano - 2.50, Large Iced americano - 2.50, Regular Hot Chocolate - 1.40, Regular Iced americano - 2.15, Large Hot Chocolate - 1.70",10.25,CARD,2935316886046399
23/03/2021 16:21,Leeds,William Rodriquez,"Large Filter coffee - 1.80, Large Iced americano - 2.50",4.30,CASH,
23/03/2021 16:23,Leeds,Elvira Burdette,"Regular Filter coffee - 1.50, Large Speciality Tea - English breakfast - 1.60, Large Chai latte - 2.60",5.70,CARD,3890511500694518
23/03/2021 16:25,Leeds,Kermit Fordyce,"Large Speciality Tea - English breakfast - 1.60, Regular Chai latte - 2.30, Regular Hot Chocolate - 1.40",5.30,CARD,4401535535425902
23/03/2021 16:27,Leeds,Faye Mcmullen,"Large Hot Chocolate - 1.70, Large Speciality Tea - English breakfast - 1.60, Regular Filter coffee - 1.50",4.80,CARD,3128493324307760
23/03/2021 16:28,Leeds,Sandy Moritz,"Regular Chai latte - 2.30, Large Speciality Tea - English breakfast - 1.60, Regular Filter coffee - 1.50, Large Speciality Tea - English breakfast - 1.60",7.00,CARD,5535161261521037
23/03/2021 16:30,Leeds,Gail Hernandez,"Regular Chai latte - 2.30, Large Speciality Tea - English breakfast - 1.60, Large Speciality Tea - English breakfast - 1.60, Regular Chai latte - 2.30, Large Chai latte - 2.60",10.40,CASH,
23/03/2021 16:32,Leeds,Kristopher Patel,"Regular Filter coffee - 1.50, Large Hot Chocolate - 1.70",3.20,CARD,7277263677734789
23/03/2021 16:34,Leeds,Marilyn Stephens,"Regular Iced americano - 2.15, Large Iced americano - 2.50",4.65,CARD,4478193848787980
23/03/2021 16:35,Leeds,Edward Hayden,"Regular Iced americano - 2.15, Large Hot Chocolate - 1.70",3.85,CASH,
23/03/2021 16:37,Leeds,Sharon Minor,Large Speciality Tea - English breakfast - 1.60,1.60,CARD,1792335825277410
23/03/2021 16:39,Leeds,John Rudd,Regular Filter coffee - 1.50,1.50,CARD,6849835155183092
23/03/2021 16:41,Leeds,Florence Donahue,"Large Iced americano - 2.50, Large Chai latte - 2.60, Regular Iced americano - 2.15, Regular Iced americano - 2.15",9.40,CASH,
23/03/2021 16:42,Leeds,Jeanette White,"Large Chai latte - 2.60, Regular Iced americano - 2.15, Regular Speciality Tea - English breakfast - 1.30, Regular Chai latte - 2.30, Regular Filter coffee - 1.50",9.85,CARD,4649333371289965
23/03/2021 16:44,Leeds,Stanley Roush,"Large Chai latte - 2.60, Regular Speciality Tea - English breakfast - 1.30, Large Iced americano - 2.50, Large Chai latte - 2.60, Regular Filter coffee - 1.50",10.50,CARD,7524719531740225
23/03/2021 16:46,Leeds,Monroe Dupont,"Regular Iced americano - 2.15, Regular Hot Chocolate - 1.40, Large Iced americano - 2.50",6.05,CARD,4073367282108390
23/03/2021 16:48,Leeds,James Williams,"Large Chai latte - 2.60, Regular Chai latte - 2.30, Large Iced americano - 2.50",7.40,CARD,3967842267137061
23/03/2021 16:49,Leeds,Jennifer Crenshaw,Large Speciality Tea - English breakfast - 1.60,1.60,CARD,5849924808987252
23/03/2021 16:51,Leeds,David Williams,"Regular Speciality Tea - English breakfast - 1.30, Regular Hot Chocolate - 1.40, Large Speciality Tea - English breakfast - 1.60",4.30,CARD,9618029283155051
23/03/2021 16:53,Leeds,Donald Devoe,"Large Speciality Tea - English breakfast - 1.60, Regular Iced americano - 2.15, Regular Filter coffee - 1.50",5.25,CASH,
23/03/2021 16:55,Leeds,Cathleen Obrien,"Large Iced americano - 2.50, Large Hot Chocolate - 1.70",4.20,CASH,
23/03/2021 16:56,Leeds,Nathaniel Cross,"Regular Iced americano - 2.15, Regular Iced americano - 2.15, Regular Chai latte - 2.30",6.60,CASH,
23/03/2021 16:58,Leeds,Vera Whitesell,"Large Chai latte - 2.60, Large Filter coffee - 1.80, Large Hot Chocolate - 1.70",6.10,CARD,5855738230919886
 