23/03/2021 08:00,London Brixton,Ruth Krein,Regular Iced americano - 2.15,2.15,CARD,5152489483676511
23/03/2021 08:00,London Brixton,Edna Hearon,"Large Espresso - 1.80, Regular Hot chocolate - 2.20, Large Espresso - 1.80, Regular Iced americano - 2.15, Regular Smoothies - Glowing Greens - 2.00",9.95,CASH,
23/03/2021 08:01,London Brixton,Nanette Williams,"Regular Espresso - 1.50, Regular Smoothies - Carrot Kick - 2.00",3.50,CARD,7701076938113165
23/03/2021 08:02,London Brixton,Jolynn Grubbs,"Large Hot chocolate - 2.90, Large Cappuccino - 2.45, Large Speciality Tea - Earl Grey - 1.60, Regular Smoothies - Glowing Greens - 2.00",8.95,CARD,3749234548356550
23/03/2021 08:03,London Brixton,Esperanza Roller,Large Smoothies - Glowing Greens - 2.50,2.50,CARD,9127963234510213
23/03/2021 08:04,London Brixton,Danielle Brown,Regular Smoothies - Carrot Kick - 2.00,2.00,CASH,
23/03/2021 08:05,London Brixton,Martin Cobb,"Regular Smoothies - Carrot Kick - 2.00, Regular Hot chocolate - 2.20",4.20,CASH,
23/03/2021 08:06,London Brixton,James Kern,"Large Smoothies - Glowing Greens - 2.50, Regular Iced americano - 2.15, Regular Smoothies - Glowing Greens - 2.00, Large Frappes - Strawberries & Cream - 3.25, Large Espresso - 1.80",11.70,CARD,7722751749477884
23/03/2021 08:07,London Brixton,Sarah Ramaudar,"Regular Frappes - Strawberries & Cream - 2.75, Regular Speciality Tea - Earl Grey - 1.30",4.05,CASH,
23/03/2021 08:08,London Brixton,Ramon Wilson,"Large Iced americano - 2.50, Large Smoothies - Glowing Greens - 2.50, Regular Speciality Tea - Earl Grey - 1.30, Large Smoothies - Carrot Kick - 2.50",8.80,CARD,7977756907392640
23/03/2021 08:09,London Brixton,Rose Nichols,"Large Cappuccino - 2.45, Large Speciality Tea - Earl Grey - 1.60, Regular Speciality Tea - Earl Grey - 1.30",5.35,CARD,1540160516209337
23/03/2021 08:10,London Brixton,Jill Ballard,Large Smoothies - Glowing Greens - 2.50,2.50,CARD,5780815456523497
23/03/2021 08:11,London Brixton,Adrienne Houck,"Regular Cappuccino - 2.15, Regular Hot chocolate - 2.20, Large Iced americano - 2.50, Large Smoothies - Carrot Kick - 2.50",9.35,CASH,
23/03/2021 08:12,London Brixton,Kevin Balfour,"Regular Cappuccino - 2.15, Large Smoothies - Carrot Kick - 2.50, Regular Iced americano - 2.15, Regular Iced americano - 2.15, Regular Iced americano - 2.15",11.10,CARD,9739639138936636
23/03/2021 08:13,London Brixton,Debi Wood,Regular Smoothies - Carrot Kick - 2.00,2.00,CARD,8398519067012837
23/03/2021 08:14,London Brixton,Alfred Kelly,"Regular Cappuccino - 2.15, Large Iced americano - 2.50",4.65,CARD,4294786249127346
23/03/2021 08:15,London Brixton,Deborah Moore,Large Frappes - Strawberries & Cream - 3.25,3.25,CASH,
23/03/2021 08:16,London Brixton,Gilberto Lohr,"Regular Frappes - Strawberries & Cream - 2.75, Large Cappuccino - 2.45",5.20,CARD,6238231716882134
23/03/2021 08:17,London Brixton,Rodney Vazquez,"Regular Iced americano - 2.15, Large Frappes - Strawberries & Cream - 3.25",5.40,CARD,3551690472630402
23/03/2021 08:18,London Brixton,Tiffany Byrd,Regular Smoothies - Glowing Greens - 2.00,2.00,CARD,9326210299727564
23/03/2021 08:19,London Brixton,Gary Mcdonald,"Large Hot chocolate - 2.90, Regular Espresso - 1.50, Regular Frappes - Strawberries & Cream - 2.75",7.15,CARD,5279596254367994
23/03/2021 08:20,London Brixton,Doretha Rickman,"Large Iced americano - 2.50, Large Smoothies - Glowing Greens - 2.50, Large Frappes - Strawberries & Cream - 3.25, Regular Speciality Tea - Earl Grey - 1.30",9.55,CARD,9878324713198989
23/03/2021 08:21,London Brixton,Jenifer Moten,Large Smoothies - Glowing Greens - 2.50,2.50,CARD,3202880610071465
23/03/2021 08:22,London Brixton,Claude Toliver,"Regular Cappuccino - 2.15, Large Espresso - 1.80, Regular Cappuccino - 2.15, Regular Hot chocolate - 2.20, Regular Frappes - Strawberries & Cream - 2.75, Large Cappuccino - 2.45",13.50,CARD,4087183359987306
23/03/2021 08:23,London Brixton,Michelle Hanshaw,"Regular Iced americano - 2.15, Large Cappuccino - 2.45, Regular Speciality Tea - Earl Grey - 1.30",5.90,CARD,5115701935447325
23/03/2021 08:24,London Brixton,Marcella Brinegar,Large Speciality Tea - Earl Grey - 1.60,1.60,CARD,7312624235805982
23/03/2021 08:25,London Brixton,Craig Franklin,"Regular Espresso - 1.50, Large Iced americano - 2.50",4.00,CASH,
23/03/2021 08:26,London Brixton,Kenneth Nelson,"Large Iced americano - 2.50, Large Hot chocolate - 2.90",5.40,CASH,
23/03/2021 08:27,London Brixton,Robert Cairns,"Large Smoothies - Glowing Greens - 2.50, Regular Hot chocolate - 2.20, Large Smoothies - Glowing Greens - 2.50",7.20,CASH,
23/03/2021 08:28,London Brixton,Maria Kuhlmann,Large Cappuccino - 2.45,2.45,CARD,2325231293633023
23/03/2021 08:29,London Brixton,Anthony Shoulta,"Large Smoothies - Carrot Kick - 2.50, Regular Iced americano - 2.15, Regular Hot chocolate - 2.20",6.85,CARD,1480993754076452
23/03/2021 08:30,London Brixton,Lisa Balfour,"Large Smoothies - Carrot Kick - 2.50, Large Iced americano - 2.50",5.00,CARD,5444083671741827
23/03/2021 08:31,London Brixton,Matthew Foley,"Regular Hot chocolate - 2.20, Regular Cappuccino - 2.15, Regular Espresso - 1.50, Large Frappes - Strawberries & Cream - 3.25",9.10,CARD,6172343058431493
23/03/2021 08:32,London Brixton,Joe Stubbs,"Regular Hot chocolate - 2.20, Regular Speciality Tea - Earl Grey - 1.30, Large Iced americano - 2.50, Regular Hot chocolate - 2.20",8.20,CARD,5839137183034397
23/03/2021 08:33,London Brixton,Jessica Dixson,Large Cappuccino - 2.45,2.45,CASH,
23/03/2021 08:34,London Brixton,John Epperson,"Regular Speciality Tea - Earl Grey - 1.30, Large Speciality Tea - Earl Grey - 1.60, Regular Cappuccino - 2.15",5.05,CASH,
23/03/2021 08:35,London Brixton,Lee Glaude,"Regular Cappuccino - 2.15, Regular Cappuccino - 2.15",4.30,CASH,
23/03/2021 08:36,London Brixton,Maria Timmer,"Regular Frappes - Strawberries & Cream - 2.75, Large Espresso - 1.80, Large Smoothies - Glowing Greens - 2.50, Regular Smoothies - Glowing Greens - 2.00",9.05,CARD,2363842838520520
23/03/2021 08:37,London Brixton,Thomas Taylor,"Regular Smoothies - Glowing Greens - 2.00, Regular Smoothies - Carrot Kick - 2.00, Large Smoothies - Carrot Kick - 2.50, Large Speciality Tea - Earl Grey - 1.60, Large Hot chocolate - 2.90",11.00,CASH,
23/03/2021 08:38,London Brixton,Ted Mccoy,"Large Espresso - 1.80, Regular Hot chocolate - 2.20, Large Iced americano - 2.50, Regular Iced americano - 2.15",8.65,CARD,9274650364710205
23/03/2021 08:39,London Brixton,Todd Caperton,"Large Smoothies - Carrot Kick - 2.50, Large Hot chocolate - 2.90, Regular Iced americano - 2.15, Large Iced americano - 2.50",10.05,CARD,4273023910800267
23/03/2021 08:40,London Brixton,Roy Ethier,"Large Speciality Tea - Earl Grey - 1.60, Large Cappuccino - 2.45, Regular Hot chocolate - 2.20, Regular Smoothies - Glowing Greens - 2.00",8.25,CARD,7364832458254702
23/03/2021 08:41,London Brixton,Karla Morin,"Regular Smoothies - Carrot Kick - 2.00, Regular Cappuccino - 2.15, Regular Frappes - Strawberries & Cream - 2.75, Regular Frappes - Strawberries & Cream - 2.75",9.65,CARD,4657689011257088
23/03/2021 08:42,London Brixton,Marta Sears,"Regular Iced americano - 2.15, Regular Smoothies - Carrot Kick - 2.00, Regular Smoothies - Glowing Greens - 2.00, Large Smoothies - Glowing Greens - 2.50",8.65,CASH,
23/03/2021 08:43,London Brixton,Robert Nelson,"Regular Cappuccino - 2.15, Regular Cappuccino - 2.15, Large Espresso - 1.80, Regular Iced americano - 2.15",8.25,CARD,2920727969428962
23/03/2021 08:44,London Brixton,Beatriz Abdo,"Regular Hot chocolate - 2.20, Large Speciality Tea - Earl Grey - 1.60, Large Iced americano - 2.50, Large Smoothies - Carrot Kick - 2.50, Large Hot chocolate - 2.90",11.70,CASH,
23/03/2021 08:45,London Brixton,William Collin,"Regular Smoothies - Carrot Kick - 2.00, Regular Frappes - Strawberries & Cream - 2.75, Large Smoothies - Glowing Greens - 2.50, Large Smoothies - Carrot Kick - 2.50",9.75,CASH,
23/03/2021 08:46,London Brixton,Ronald Banda,"Large Hot chocolate - 2.90, Regular Iced americano - 2.15, Large Smoothies - Carrot Kick - 2.50, Large Smoothies - Glowing Greens - 2.50",10.05,CASH,
23/03/2021 08:47,London Brixton,Gerald Gutoski,Regular Smoothies - Glowing Greens - 2.00,2.00,CASH,
23/03/2021 08:48,London Brixton,Sharon Southerland,"Large Frappes - Strawberries & Cream - 3.25, Large Speciality Tea - Earl Grey - 1.60, Regular Smoothies - Carrot Kick - 2.00, Regular Cappuccino - 2.15",9.00,CARD,1353548851997670
23/03/2021 08:49,London Brixton,Irma Young,"Large Frappes - Strawberries & Cream - 3.25, Regular Hot chocolate - 2.20, Large Cappuccino - 2.45, Regular Smoothies - Carrot Kick - 2.00",9.90,CASH,
23/03/2021 08:50,London Brixton,Tiffany Davis,"Regular Smoothies - Carrot Kick - 2.00, Regular Hot chocolate - 2.20, Regular Smoothies - Carrot Kick - 2.00, Regular Smoothies - Glowing Greens - 2.00, Large Espresso - 1.80, Regular Iced americano - 2.15",12.15,CASH,
23/03/2021 08:51,London Brixton,Joann White,"Regular Hot chocolate - 2.20, Large Cappuccino - 2.45",4.65,CASH,
23/03/2021 08:52,London Brixton,Brenda Murtagh,"Large Hot chocolate - 2.90, Large Smoothies - Carrot Kick - 2.50, Regular Speciality Tea - Earl Grey - 1.30",6.70,CASH,
23/03/2021 08:53,London Brixton,Donald Eden,Regular Espresso - 1.50,1.50,CASH,
23/03/2021 08:54,London Brixton,Carol Alvarez,Regular Frappes - Strawberries & Cream - 2.75,2.75,CASH,
23/03/2021 08:55,London Brixton,Joyce Pryce,"Large Iced americano - 2.50, Regular Iced americano - 2.15, Regular Cappuccino - 2.15, Regular Frappes - Strawberries & Cream - 2.75, Regular Hot chocolate - 2.20",11.75,CARD,6775180589276927
23/03/2021 08:56,London Brixton,Concepcion Higgins,Large Speciality Tea - Earl Grey - 1.60,1.60,CARD,7224858086066903
23/03/2021 08:57,London Brixton,John Reilly,Large Smoothies - Glowing Greens - 2.50,2.50,CARD,8372479840631777
23/03/2021 08:58,London Brixton,Robert Hollingsworth,"Regular Speciality Tea - Earl Grey - 1.30, Large Iced americano - 2.50",3.80,CARD,2607712990338343
23/03/2021 08:59,London Brixton,Lloyd Douglas,Regular Smoothies - Glowing Greens - 2.00,2.00,CASH,
23/03/2021 08:59,London Brixton,Alexander Herman,"Regular Espresso - 1.50, Large Cappuccino - 2.45, Large Frappes - Strawberries & Cream - 3.25, Regular Smoothies - Glowing Greens - 2.00, Large Iced americano - 2.50",11.70,CARD,3176307418060801
23/03/2021 09:00,London Brixton,Kimberly Adams,"Large Iced americano - 2.50, Regular Cappuccino - 2.15, Regular Frappes - Strawberries & Cream - 2.75, Regular Smoothies - Glowing Greens - 2.00, Large Iced americano - 2.50, Regular Iced americano - 2.15",14.05,CASH,
23/03/2021 09:02,London Brixton,Cathleen Cline,"Large Hot chocolate - 2.90, Regular Smoothies - Glowing Greens - 2.00, Large Speciality Tea - Earl Grey - 1.60, Large Smoothies - Glowing Greens - 2.50, Regular Speciality Tea - Earl Grey - 1.30, Large Smoothies - Carrot Kick - 2.50",12.80,CARD,1474189712645069
23/03/2021 09:03,London Brixton,Luis Nittler,"Large Smoothies - Carrot Kick - 2.50, Regular Smoothies - Carrot Kick - 2.00, Large Smoothies - Glowing Greens - 2.50, Regular Speciality Tea - Earl Grey - 1.30",8.30,CARD,9213865721518763
23/03/2021 09:04,London Brixton,Robert Guerrero,Regular Hot chocolate - 2.20,2.20,CARD,4932381139446456
23/03/2021 09:05,London Brixton,Wendell Hash,"Regular Iced americano - 2.15, Regular Speciality Tea - Earl Grey - 1.30",3.45,CARD,7342099034626504
23/03/2021 09:06,London Brixton,Nga Hodge,"Regular Cappuccino - 2.15, Large Iced americano - 2.50, Large Cappuccino - 2.45, Large Speciality Tea - Earl Grey - 1.60, Large Smoothies - Glowing Greens - 2.50",11.20,CARD,2947408681378702
23/03/2021 09:07,London Brixton,Brendon Mobley,"Regular Smoothies - Carrot Kick - 2.00, Regular Smoothies - Carrot Kick - 2.00, Regular Smoothies - Glowing Greens - 2.00, Large Hot chocolate - 2.90, Large Espresso - 1.80",10.70,CARD,8063022600384842
23/03/2021 09:09,London Brixton,Jay Brown,Regular Smoothies - Carrot Kick - 2.00,2.00,CASH,
23/03/2021 09:10,London Brixton,Gay Jones,"Large Cappuccino - 2.45, Large Iced americano - 2.50",4.95,CARD,3351209913456588
23/03/2021 09:11,London Brixton,Tina Anthony,"Regular Speciality Tea - Earl Grey - 1.30, Regular Smoothies - Carrot Kick - 2.00, Regular Espresso - 1.50, Regular Smoothies - Glowing Greens - 2.00, Large Hot chocolate - 2.90, Large Speciality Tea - Earl Grey - 1.60",11.30,CARD,6490830419324992
23/03/2021 09:12,London Brixton,Erin Golden,Large Smoothies - Carrot Kick - 2.50,2.50,CARD,6932944965267005
23/03/2021 09:13,London Brixton,Mary Stevens,Large Espresso - 1.80,1.80,CARD,6387706487697805
23/03/2021 09:14,London Brixton,Genevieve Guardado,"Regular Iced americano - 2.15, Regular Frappes - Strawberries & Cream - 2.75, Regular Hot chocolate - 2.20, Large Cappuccino - 2.45",9.55,CARD,9286079258493550
23/03/2021 09:16,London Brixton,Ronald Wiltshire,"Large Smoothies - Glowing Greens - 2.50, Large Cappuccino - 2.45, Large Smoothies - Glowing Greens - 2.50, Large Hot chocolate - 2.90",10.35,CASH,
23/03/2021 09:17,London Brixton,Kimberly Webb,Large Espresso - 1.80,1.80,CARD,4697293420110553
23/03/2021 09:18,London Brixton,Samuel Bradt,"Large Hot chocolate - 2.90, Large Speciality Tea - Earl Grey - 1.60, Large Espresso - 1.80",6.30,CARD,3376675469775776
23/03/2021 09:19,London Brixton,Rita Dudenhoeffer,"Large Speciality Tea - Earl Grey - 1.60, Regular Frappes - Strawberries & Cream - 2.75, Large Espresso - 1.80, Regular Cappuccino - 2.15",8.30,CASH,
23/03/2021 09:20,London Brixton,Thomas Sander,"Large Hot chocolate - 2.90, Regular Espresso - 1.50, Large Iced americano - 2.50, Regular Smoothies - Carrot Kick - 2.00, Regular Smoothies - Carrot Kick - 2.00, Large Hot chocolate - 2.90",13.80,CARD,6407969333207247
23/03/2021 09:21,London Brixton,Gordon Wilson,"Large Cappuccino - 2.45, Large Cappuccino - 2.45",4.90,CARD,5695042817622876
23/03/2021 09:23,London Brixton,Thomas Lefevre,"Regular Speciality Tea - Earl Grey - 1.30, Large Smoothies - Carrot Kick - 2.50",3.80,CARD,3770061372387615
23/03/2021 09:24,London Brixton,Janice Allen,"Regular Smoothies - Glowing Greens - 2.00, Regular Frappes - Strawberries & Cream - 2.75",4.75,CARD,2990277112599956
23/03/2021 09:25,London Brixton,Cara Mons,Large Smoothies - Glowing Greens - 2.50,2.50,CARD,2700851502875896
23/03/2021 09:26,London Brixton,Veronica Gilford,"Large Speciality Tea - Earl Grey - 1.60, Large Hot chocolate - 2.90",4.50,CARD,5825173122241285
23/03/2021 09:27,London Brixton,Jean Potts,"Large Frappes - Strawberries & Cream - 3.25, Large Iced americano - 2.50, Large Hot chocolate - 2.90",8.65,CARD,4943201229297139
23/03/2021 09:28,London Brixton,Milissa Hailey,Large Cappuccino - 2.45,2.45,CASH,
23/03/2021 09:30,London Brixton,David Durand,Regular Hot chocolate - 2.20,2.20,CASH,
23/03/2021 09:31,London Brixton,Miguel Thompson,"Large Frappes - Strawberries & Cream - 3.25, Large Cappuccino - 2.45",5.70,CASH,
23/03/2021 09:32,London Brixton,Carolee Doerr,"Regular Iced americano - 2.15, Large Frappes - Strawberries & Cream - 3.25",5.40,CARD,5967542547085002
23/03/2021 09:33,London Brixton,Teresa Voris,"Regular Cappuccino - 2.15, Large Espresso - 1.80",3.95,CARD,5356485284799281
23/03/2021 09:34,London Brixton,Charles Perry,Regular Speciality Tea - Earl Grey - 1.30,1.30,CARD,7769006867230959
23/03/2021 09:35,London Brixton,Man Leitch,"Large Frappes - Strawberries & Cream - 3.25, Regular Speciality Tea - Earl Grey - 1.30",4.55,CARD,7236855266479788
23/03/2021 09:37,London Brixton,Cheryl Allgood,Large Frappes - Strawberries & Cream - 3.25,3.25,CARD,6953013718004441
23/03/2021 09:38,London Brixton,Elsie Lindahl,"Regular Smoothies - Carrot Kick - 2.00, Regular Cappuccino - 2.15, Large Cappuccino - 2.45, Large Iced americano - 2.50",9.10,CARD,9444068638254965
23/03/2021 09:39,London Brixton,Steven Rivera,"Large Cappuccino - 2.45, Regular Iced americano - 2.15, Regular Iced americano - 2.15, Regular Cappuccino - 2.15",8.90,CARD,4547211322157026
23/03/2021 09:40,London Brixton,Joseph Vandy,Large Hot chocolate - 2.90,2.90,CASH,
23/03/2021 09:41,London Brixton,Charles Tremblay,"Large Smoothies - Carrot Kick - 2.50, Regular Speciality Tea - Earl Grey - 1.30, Regular Cappuccino - 2.15, Regular Smoothies - Glowing Greens - 2.00",7.95,CARD,5012477976305536
23/03/2021 09:42,London Brixton,John Knuth,"Large Smoothies - Carrot Kick - 2.50, Regular Smoothies - Carrot Kick - 2.00",4.50,CARD,2650833148745990
23/03/2021 09:44,London Brixton,Kimberly Decena,"Large Smoothies - Glowing Greens - 2.50, Regular Smoothies - Glowing Greens - 2.00",4.50,CASH,
23/03/2021 09:45,London Brixton,Ramiro Anderson,"Regular Cappuccino - 2.15, Large Frappes - Strawberries & Cream - 3.25",5.40,CARD,6690185977322446
23/03/2021 09:46,London Brixton,Sheila Sarni,Large Smoothies - Carrot Kick - 2.50,2.50,CASH,
23/03/2021 09:47,London Brixton,Robert Crouch,"Large Hot chocolate - 2.90, Large Speciality Tea - Earl Grey - 1.60, Regular Frappes - Strawberries & Cream - 2.75",7.25,CASH,
23/03/2021 09:48,London Brixton,Gregory Woods,Large Hot chocolate - 2.90,2.90,CASH,
23/03/2021 09:49,London Brixton,Margaret Mcmurray,Regular Iced americano - 2.15,2.15,CARD,5209793037711154
23/03/2021 09:51,London Brixton,Rafael Pierce,Regular Smoothies - Carrot Kick - 2.00,2.00,CARD,9610822131018118
23/03/2021 09:52,London Brixton,April Adams,"Large Smoothies - Glowing Greens - 2.50, Large Smoothies - Carrot Kick - 2.50, Large Hot chocolate - 2.90, Regular Iced americano - 2.15",10.05,CARD,8346285431817407
23/03/2021 09:53,London Brixton,James Garner,Regular Frappes - Strawberries & Cream - 2.75,2.75,CASH,
23/03/2021 09:54,London Brixton,William Hughes,"Regular Espresso - 1.50, Regular Iced americano - 2.15, Regular Iced americano - 2.15",5.80,CASH,
23/03/2021 09:55,London Brixton,Carin Herring,"Large Speciality Tea - Earl Grey - 1.60, Large Smoothies - Carrot Kick - 2.50, Regular Speciality Tea - Earl Grey - 1.30",5.40,CARD,1948781903750861
23/03/2021 09:56,London Brixton,Eduardo Mello,Regular Frappes - Strawberries & Cream - 2.75,2.75,CARD,2409885458972284
23/03/2021 09:58,London Brixton,Scott Fossett,"Regular Iced americano - 2.15, Regular Cappuccino - 2.15, Regular Hot chocolate - 2.20, Large Frappes - Strawberries & Cream - 3.25",9.75,CARD,6416477237278209
23/03/2021 09:59,London Brixton,Russell Demmons,Regular Espresso - 1.50,1.50,CARD,8142005494985963
23/03/2021 10:00,London Brixton,Claudio Wilder,"Regular Speciality Tea - Earl Grey - 1.30, Regular Cappuccino - 2.15, Large Cappuccino - 2.45",5.90,CARD,7190457364435666
23/03/2021 10:01,London Brixton,Teresa Clinton,"Large Iced americano - 2.50, Regular Iced americano - 2.15, Regular Hot chocolate - 2.20, Regular Frappes - Strawberries & Cream - 2.75, Regular Espresso - 1.50",11.10,CARD,2540368084256451
23/03/2021 10:02,London Brixton,Elizabeth Washburn,"Regular Cappuccino - 2.15, Regular Hot chocolate - 2.20, Regular Cappuccino - 2.15, Regular Speciality Tea - Earl Grey - 1.30",7.80,CARD,3642901520543190
23/03/2021 10:03,London Brixton,Bridgett Vrba,"Regular Iced americano - 2.15, Large Hot chocolate - 2.90, Regular Frappes - Strawberries & Cream - 2.75, Regular Speciality Tea - Earl Grey - 1.30",9.10,CASH,
23/03/2021 10:05,London Brixton,Israel Rautenberg,"Large Frappes - Strawberries & Cream - 3.25, Regular Hot chocolate - 2.20",5.45,CARD,5285392453490748
23/03/2021 10:06,London Brixton,Kimberly Hyun,"Regular Iced americano - 2.15, Large Speciality Tea - Earl Grey - 1.60, Large Iced americano - 2.50",6.25,CARD,4256415552815688
23/03/2021 10:07,London Brixton,William Boisse,"Regular Iced americano - 2.15, Large Hot chocolate - 2.90, Regular Smoothies - Glowing Greens - 2.00",7.05,CARD,9523671111672262
23/03/2021 10:08,London Brixton,Betty Boyd,"Large Frappes - Strawberries & Cream - 3.25, Regular Frappes - Strawberries & Cream - 2.75",6.00,CARD,1283923015865698
23/03/2021 10:09,London Brixton,Jarvis Allison,"Large Smoothies - Glowing Greens - 2.50, Regular Hot chocolate - 2.20",4.70,CARD,4927539019143664
23/03/2021 10:10,London Brixton,Julio Shearon,"Regular Smoothies - Glowing Greens - 2.00, Large Hot chocolate - 2.90, Large Smoothies - Carrot Kick - 2.50, Large Smoothies - Glowing Greens - 2.50, Regular Frappes - Strawberries & Cream - 2.75",12.65,CASH,
23/03/2021 10:12,London Brixton,Rocco Tyler,Large Espresso - 1.80,1.80,CARD,8881144156509904
23/03/2021 10:13,London Brixton,Timothy Leuthold,"Large Espresso - 1.80, Large Frappes - Strawberries & Cream - 3.25, Large Cappuccino - 2.45, Large Iced americano - 2.50, Regular Speciality Tea - Earl Grey - 1.30",11.30,CASH,
23/03/2021 10:14,London Brixton,Henry Diaz,"Large Espresso - 1.80, Large Smoothies - Carrot Kick - 2.50, Large Iced americano - 2.50, Large Espresso - 1.80, Large Speciality Tea - Earl Grey - 1.60, Large Iced americano - 2.50",12.70,CARD,5807267744098687
23/03/2021 10:15,London Brixton,Brian Chang,"Large Speciality Tea - Earl Grey - 1.60, Regular Espresso - 1.50, Regular Hot chocolate - 2.20, Regular Speciality Tea - Earl Grey - 1.30",6.60,CASH,
23/03/2021 10:16,London Brixton,Harold Banks,"Regular Hot chocolate - 2.20, Large Frappes - Strawberries & Cream - 3.25, Regular Speciality Tea - Earl Grey - 1.30, Large Cappuccino - 2.45",9.20,CARD,6521248904135174
23/03/2021 10:17,London Brixton,June Smith,"Regular Espresso - 1.50, Regular Iced americano - 2.15",3.65,CARD,3831073457962482
23/03/2021 10:19,London Brixton,Zackary Greer,"Regular Hot chocolate - 2.20, Large Espresso - 1.80, Large Espresso - 1.80",5.80,CASH,
23/03/2021 10:20,London Brixton,Dwayne Delgado,"Regular Hot chocolate - 2.20, Regular Speciality Tea - Earl Grey - 1.30, Large Smoothies - Carrot Kick - 2.50, Large Espresso - 1.80, Regular Iced americano - 2.15",9.95,CASH,
23/03/2021 10:21,London Brixton,Kenneth Stevens,"Large Smoothies - Glowing Greens - 2.50, Large Frappes - Strawberries & Cream - 3.25, Large Hot chocolate - 2.90, Regular Smoothies - Carrot Kick - 2.00, Large Smoothies - Glowing Greens - 2.50",13.15,CARD,4593715368601357
23/03/2021 10:22,London Brixton,Marlene Reed,"Regular Frappes - Strawberries & Cream - 2.75, Regular Smoothies - Carrot Kick - 2.00, Regular Frappes - Strawberries & Cream - 2.75, Regular Espresso - 1.50, Large Speciality Tea - Earl Grey - 1.60",10.60,CARD,1869226923001053
23/03/2021 10:23,London Brixton,Joanne Wilder,"Regular Iced americano - 2.15, Regular Speciality Tea - Earl Grey - 1.30, Large Espresso - 1.80, Large Iced americano - 2.50, Large Speciality Tea - Earl Grey - 1.60",9.35,CARD,7713852371160662
23/03/2021 10:24,London Brixton,Katherine Kroeger,"Regular Iced americano - 2.15, Large Smoothies - Glowing Greens - 2.50, Regular Speciality Tea - Earl Grey - 1.30",5.95,CARD,3393015047839774
23/03/2021 10:26,London Brixton,Marjorie Jeffords,"Large Iced americano - 2.50, Large Espresso - 1.80, Regular Espresso - 1.50, Large Espresso - 1.80",7.60,CARD,2257195441460954
23/03/2021 10:27,London Brixton,Thalia Cook,Large Iced americano - 2.50,2.50,CASH,
23/03/2021 10:28,London Brixton,Robert Linscott,"Large Hot chocolate - 2.90, Regular Speciality Tea - Earl Grey - 1.30, Large Iced americano - 2.50",6.70,CASH,
23/03/2021 10:29,London Brixton,Mollie Pospisil,"Regular Espresso - 1.50, Large Cappuccino - 2.45, Regular Espresso - 1.50, Regular Speciality Tea - Earl Grey - 1.30",6.75,CARD,4399665499888737
23/03/2021 10:30,London Brixton,Sara Stewart,"Large Smoothies - Glowing Greens - 2.50, Large Smoothies - Glowing Greens - 2.50",5.00,CARD,2239250247213884
23/03/2021 10:31,London Brixton,Alice Martin,Large Iced americano - 2.50,2.50,CARD,9059132758116341
23/03/2021 10:33,London Brixton,Jeremy Booker,"Regular Hot chocolate - 2.20, Large Smoothies - Glowing Greens - 2.50",4.70,CARD,7682744545592322
23/03/2021 10:34,London Brixton,David Tate,"Large Frappes - Strawberries & Cream - 3.25, Large Frappes - Strawberries & Cream - 3.25, Large Speciality Tea - Earl Grey - 1.60, Regular Espresso - 1.50",9.60,CASH,
23/03/2021 10:35,London Brixton,Diana Cruz,"Regular Hot chocolate - 2.20, Large Iced americano - 2.50, Large Speciality Tea - Earl Grey - 1.60",6.30,CASH,
23/03/2021 10:36,London Brixton,David Matheney,"Large Smoothies - Glowing Greens - 2.50, Regular Iced americano - 2.15",4.65,CARD,2985160028404030
23/03/2021 10:37,London Brixton,Cheryl Kessler,"Regular Speciality Tea - Earl Grey - 1.30, Regular Smoothies - Glowing Greens - 2.00, Large Cappuccino - 2.45, Regular Iced americano - 2.15",7.90,CASH,
23/03/2021 10:38,London Brixton,Pat Zimmerman,"Large Iced americano - 2.50, Regular Smoothies - Glowing Greens - 2.00, Large Speciality Tea - Earl Grey - 1.60",6.10,CASH,
23/03/2021 10:40,London Brixton,Michael Martinez,Regular Speciality Tea - Earl Grey - 1.30,1.30,CARD,3162097481494619
23/03/2021 10:41,London Brixton,Edward Froedge,"Regular Smoothies - Glowing Greens - 2.00, Large Espresso - 1.80, Regular Espresso - 1.50",5.30,CARD,8630059743601104
23/03/2021 10:42,London Brixton,Cheryl Stacey,"Regular Espresso - 1.50, Regular Frappes - Strawberries & Cream - 2.75",4.25,CARD,9753042203033281
23/03/2021 10:43,London Brixton,Carol Trusty,"Large Iced americano - 2.50, Large Speciality Tea - Earl Grey - 1.60, Regular Espresso - 1.50, Large Smoothies - Carrot Kick - 2.50",8.10,CASH,
23/03/2021 10:44,London Brixton,Mary Spiro,"Large Espresso - 1.80, Large Espresso - 1.80, Regular Smoothies - Glowing Greens - 2.00",5.60,CARD,8630344796504935
23/03/2021 10:45,London Brixton,Fred Odom,"Regular Smoothies - Glowing Greens - 2.00, Large Smoothies - Carrot Kick - 2.50",4.50,CASH,
23/03/2021 10:47,London Brixton,Philip Davis,"Regular Espresso - 1.50, Regular Iced americano - 2.15, Large Speciality Tea - Earl Grey - 1.60, Large Espresso - 1.80",7.05,CARD,9360437985258297
23/03/2021 10:48,London Brixton,Stacey Moses,"Regular Frappes - Strawberries & Cream - 2.75, Regular Speciality Tea - Earl Grey - 1.30",4.05,CASH,
23/03/2021 10:49,London Brixton,Ernest Baiz,Regular Hot chocolate - 2.20,2.20,CARD,4699710886155209
23/03/2021 10:50,London Brixton,Sandra Almendarez,"Regular Frappes - Strawberries & Cream - 2.75, Large Smoothies - Glowing Greens - 2.50",5.25,CARD,9055724303639358
23/03/2021 10:51,London Brixton,Edward Palm,"Large Iced americano - 2.50, Large Smoothies - Glowing Greens - 2.50, Large Iced americano - 2.50, Regular Speciality Tea - Earl Grey - 1.30",8.80,CARD,1225075096076248
23/03/2021 10:52,London Brixton,George Rodriguez,Large Frappes - Strawberries & Cream - 3.25,3.25,CASH,
23/03/2021 10:54,London Brixton,Stephen Sizemore,"Regular Smoothies - Glowing Greens - 2.00, Regular Speciality Tea - Earl Grey - 1.30, Large Hot chocolate - 2.90",6.20,CARD,7598149925769611
23/03/2021 10:55,London Brixton,Corey Putnam,Regular Frappes - Strawberries & Cream - 2.75,2.75,CASH,
23/03/2021 10:56,London Brixton,Roseann Barbour,"Regular Espresso - 1.50, Regular Cappuccino - 2.15",3.65,CARD,3519739035395953
23/03/2021 10:57,London Brixton,Karen Clark,"Regular Speciality Tea - Earl Grey - 1.30, Large Hot chocolate - 2.90, Large Frappes - Strawberries & Cream - 3.25, Regular Smoothies - Glowing Greens - 2.00, Regular Speciality Tea - Earl Grey - 1.30",10.75,CARD,5721433298515260
23/03/2021 10:58,London Brixton,Eric Wolfgang,"Large Espresso - 1.80, Regular Speciality Tea - Earl Grey - 1.30",3.10,CARD,1665138344246275
23/03/2021 10:59,London Brixton,George Menist,"Regular Speciality Tea - Earl Grey - 1.30, Regular Cappuccino - 2.15",3.45,CASH,
23/03/2021 11:01,London Brixton,Rachael Brew,Large Smoothies - Carrot Kick - 2.50,2.50,CARD,2105790399434761
23/03/2021 11:03,London Brixton,Greg Robinson,"Regular Hot chocolate - 2.20, Large Iced americano - 2.50, Large Frappes - Strawberries & Cream - 3.25, Large Speciality Tea - Earl Grey - 1.60, Regular Cappuccino - 2.15",11.70,CARD,2369289425081783
23/03/2021 11:04,London Brixton,Francis Abernathy,"Large Espresso - 1.80, Regular Hot chocolate - 2.20, Regular Cappuccino - 2.15",6.15,CARD,6523596918294266
23/03/2021 11:06,London Brixton,Vanessa Wilson,"Regular Smoothies - Carrot Kick - 2.00, Regular Speciality Tea - Earl Grey - 1.30, Large Espresso - 1.80, Large Frappes - Strawberries & Cream - 3.25, Regular Cappuccino - 2.15",10.50,CARD,5201904177562490
23/03/2021 11:08,London Brixton,Lisa Nix,Regular Smoothies - Carrot Kick - 2.00,2.00,CARD,6701443977970076
23/03/2021 11:10,London Brixton,Margherita Thomas,"Regular Speciality Tea - Earl Grey - 1.30, Large Smoothies - Carrot Kick - 2.50, Large Speciality Tea - Earl Grey - 1.60",5.40,CASH,
23/03/2021 11:12,London Brixton,Stefanie Nyquist,"Regular Frappes - Strawberries & Cream - 2.75, Large Frappes - Strawberries & Cream - 3.25",6.00,CARD,8973006178434422
23/03/2021 11:14,London Brixton,Harris Pohl,"Regular Hot chocolate - 2.20, Large Smoothies - Glowing Greens - 2.50, Regular Hot chocolate - 2.20, Regular Smoothies - Carrot Kick - 2.00, Regular Hot chocolate - 2.20",11.10,CARD,1115435991406259
23/03/2021 11:16,London Brixton,Gloria Robinson,"Large Speciality Tea - Earl Grey - 1.60, Large Cappuccino - 2.45",4.05,CARD,3050040834539869
23/03/2021 11:17,London Brixton,Eric Ludeker,"Large Frappes - Strawberries & Cream - 3.25, Regular Smoothies - Glowing Greens - 2.00, Large Smoothies - Carrot Kick - 2.50, Regular Hot chocolate - 2.20",9.95,CASH,
23/03/2021 11:19,London Brixton,John Griffin,"Large Frappes - Strawberries & Cream - 3.25, Regular Frappes - Strawberries & Cream - 2.75, Large Smoothies - Glowing Greens - 2.50",8.50,CARD,7089836424161429
23/03/2021 11:21,London Brixton,Jenny Miller,"Regular Smoothies - Glowing Greens - 2.00, Regular Cappuccino - 2.15, Large Iced americano - 2.50, Large Espresso - 1.80, Regular Espresso - 1.50",9.95,CARD,1233121987805033
23/03/2021 11:23,London Brixton,Deborah Gausman,Regular Espresso - 1.50,1.50,CARD,4472328191036449
23/03/2021 11:25,London Brixton,Jacquline Gaston,"Large Speciality Tea - Earl Grey - 1.60, Regular Hot chocolate - 2.20, Regular Speciality Tea - Earl Grey - 1.30, Regular Iced americano - 2.15",7.25,CARD,4763782066674768
23/03/2021 11:27,London Brixton,Tonya Garneau,"Large Frappes - Strawberries & Cream - 3.25, Large Smoothies - Carrot Kick - 2.50",5.75,CARD,4298881115879534
23/03/2021 11:29,London Brixton,Connie Manchester,Large Frappes - Strawberries & Cream - 3.25,3.25,CARD,3758346023148779
23/03/2021 11:31,London Brixton,Jacob Hancock,Large Smoothies - Carrot Kick - 2.50,2.50,CARD,6624179154402610
23/03/2021 11:32,London Brixton,Matthew Rizzo,"Regular Smoothies - Carrot Kick - 2.00, Regular Iced americano - 2.15",4.15,CARD,5938928968048977
23/03/2021 11:34,London Brixton,Carrie Hayes,"Regular Smoothies - Glowing Greens - 2.00, Regular Frappes - Strawberries & Cream - 2.75, Regular Speciality Tea - Earl Grey - 1.30",6.05,CARD,2394559675799428
23/03/2021 11:36,London Brixton,Sandra Chojnacki,"Regular Frappes - Strawberries & Cream - 2.75, Large Speciality Tea - Earl Grey - 1.60, Large Iced americano - 2.50, Regular Espresso - 1.50",8.35,CASH,
23/03/2021 11:38,London Brixton,David Herman,"Regular Smoothies - Carrot Kick - 2.00, Regular Speciality Tea - Earl Grey - 1.30, Large Iced americano - 2.50, Regular Smoothies - Carrot Kick - 2.00",7.80,CARD,1547585733265670
23/03/2021 11:40,London Brixton,Teresa Smith,"Regular Cappuccino - 2.15, Large Speciality Tea - Earl Grey - 1.60",3.75,CARD,1731565919997107
23/03/2021 11:42,London Brixton,Adolfo Mendonca,Large Iced americano - 2.50,2.50,CARD,9494435806077145
23/03/2021 11:44,London Brixton,Bette Dawkins,"Large Frappes - Strawberries & Cream - 3.25, Large Iced americano - 2.50",5.75,CARD,8772778968024616
23/03/2021 11:45,London Brixton,Damon Roberge,"Large Espresso - 1.80, Large Cappuccino - 2.45, Large Espresso - 1.80",6.05,CASH,
23/03/2021 11:47,London Brixton,Ollie Roark,"Regular Hot chocolate - 2.20, Large Hot chocolate - 2.90, Regular Smoothies - Glowing Greens - 2.00",7.10,CASH,
23/03/2021 11:49,London Brixton,Tim Barnett,"Large Hot chocolate - 2.90, Large Iced americano - 2.50, Regular Espresso - 1.50",6.90,CARD,1401769947993971
23/03/2021 11:51,London Brixton,Hubert Shaffstall,"Regular Cappuccino - 2.15, Regular Smoothies - Glowing Greens - 2.00, Regular Smoothies - Glowing Greens - 2.00",6.15,CARD,1939827351989623
23/03/2021 11:53,London Brixton,Kelly Bryan,Large Frappes - Strawberries & Cream - 3.25,3.25,CARD,4636194123083851
23/03/2021 11:55,London Brixton,Dorothy Cabrera,Large Smoothies - Carrot Kick - 2.50,2.50,CASH,
23/03/2021 11:57,London Brixton,Craig Hodson,"Regular Hot chocolate - 2.20, Regular Smoothies - Carrot Kick - 2.00",4.20,CARD,3106147277978654
23/03/2021 11:59,London Brixton,Fonda Anderson,Regular Smoothies - Glowing Greens - 2.00,2.00,CASH,
23/03/2021 12:00,London Brixton,Amy Duke,Regular Hot chocolate - 2.20,2.20,CARD,2618266662059063
23/03/2021 12:02,London Brixton,Jessie Cohen,Large Speciality Tea - Earl Grey - 1.60,1.60,CASH,
23/03/2021 12:04,London Brixton,Paul Alarcon,"Large Cappuccino - 2.45, Large Hot chocolate - 2.90, Large Speciality Tea - Earl Grey - 1.60, Regular Speciality Tea - Earl Grey - 1.30, Regular Smoothies - Glowing Greens - 2.00",10.25,CARD,8484232885989470
23/03/2021 12:06,London Brixton,France Brown,Regular Hot chocolate - 2.20,2.20,CASH,
23/03/2021 12:08,London Brixton,Steve Mrozinski,"Regular Iced americano - 2.15, Large Frappes - Strawberries & Cream - 3.25, Regular Cappuccino - 2.15, Large Espresso - 1.80, Large Iced americano - 2.50",11.85,CARD,6828837192912340
23/03/2021 12:10,London Brixton,Sherry Adams,"Large Hot chocolate - 2.90, Large Espresso - 1.80, Large Espresso - 1.80, Large Hot chocolate - 2.90, Large Smoothies - Carrot Kick - 2.50",11.90,CASH,
23/03/2021 12:12,London Brixton,Robert Pushaw,"Large Hot chocolate - 2.90, Large Iced americano - 2.50, Large Smoothies - Glowing Greens - 2.50",7.90,CASH,
23/03/2021 12:14,London Brixton,Allen Adcock,"Regular Iced americano - 2.15, Regular Hot chocolate - 2.20, Regular Cappuccino - 2.15",6.50,CARD,6746151762275511
23/03/2021 12:16,London Brixton,Joel Grant,"Large Frappes - Strawberries & Cream - 3.25, Regular Espresso - 1.50, Regular Iced americano - 2.15, Regular Iced americano - 2.15, Large Smoothies - Carrot Kick - 2.50, Large Cappuccino - 2.45",14.00,CARD,5966311812545003
23/03/2021 12:18,London Brixton,William Harper,"Regular Smoothies - Glowing Greens - 2.00, Large Espresso - 1.80, Large Hot chocolate - 2.90",6.70,CARD,2669283364631952
23/03/2021 12:20,London Brixton,Mary Rogers,"Large Hot chocolate - 2.90, Regular Smoothies - Carrot Kick - 2.00, Regular Smoothies - Glowing Greens - 2.00",6.90,CASH,
23/03/2021 12:22,London Brixton,Helen Swindle,"Large Cappuccino - 2.45, Regular Speciality Tea - Earl Grey - 1.30",3.75,CARD,1543446559496547
23/03/2021 12:24,London Brixton,Alma Meidinger,"Regular Smoothies - Glowing Greens - 2.00, Regular Smoothies - Glowing Greens - 2.00",4.00,CARD,1566793442878581
23/03/2021 12:26,London Brixton,Pablo Armenta,Large Hot chocolate - 2.90,2.90,CASH,
23/03/2021 12:27,London Brixton,Mark Meskill,"Regular Smoothies - Glowing Greens - 2.00, Large Cappuccino - 2.45, Large Espresso - 1.80",6.25,CASH,
23/03/2021 12:29,London Brixton,Timothy Sherman,"Regular Iced americano - 2.15, Large Smoothies - Carrot Kick - 2.50, Large Speciality Tea - Earl Grey - 1.60, Large Smoothies - Carrot Kick - 2.50, Regular Iced americano - 2.15",10.90,CARD,5647530852425542
23/03/2021 12:31,London Brixton,Jessica Tuenge,"Large Cappuccino - 2.45, Large Espresso - 1.80",4.25,CARD,7727912288997039
23/03/2021 12:33,London Brixton,Charles Taber,"Regular Speciality Tea - Earl Grey - 1.30, Regular Speciality Tea - Earl Grey - 1.30, Large Smoothies - Carrot Kick - 2.50, Large Espresso - 1.80",6.90,CASH,
23/03/2021 12:35,London Brixton,Allen Sylvester,"Large Speciality Tea - Earl Grey - 1.60, Regular Hot chocolate - 2.20, Regular Hot chocolate - 2.20, Regular Frappes - Strawberries & Cream - 2.75",8.75,CASH,
23/03/2021 12:37,London Brixton,Pamela Hatfield,"Regular Iced americano - 2.15, Large Cappuccino - 2.45",4.60,CARD,7044636621819377
23/03/2021 12:39,London Brixton,Nicholas Sharr,"Regular Cappuccino - 2.15, Large Iced americano - 2.50, Large Smoothies - Carrot Kick - 2.50, Large Frappes - Strawberries & Cream - 3.25, Large Iced americano - 2.50",12.90,CARD,3145355198304009
23/03/2021 12:41,London Brixton,Christa Stockman,"Regular Smoothies - Glowing Greens - 2.00, Large Smoothies - Glowing Greens - 2.50, Large Smoothies - Carrot Kick - 2.50",7.00,CASH,
23/03/2021 12:43,London Brixton,Deanna Broyles,Large Cappuccino - 2.45,2.45,CARD,8382483632494363
23/03/2021 12:45,London Brixton,Alice Ciriaco,"Large Smoothies - Glowing Greens - 2.50, Regular Frappes - Strawberries & Cream - 2.75",5.25,CARD,2988005552058998
23/03/2021 12:47,London Brixton,John Leonard,"Large Smoothies - Carrot Kick - 2.50, Regular Hot chocolate - 2.20",4.70,CASH,
23/03/2021 12:49,London Brixton,Sandra Holvey,"Large Speciality Tea - Earl Grey - 1.60, Large Espresso - 1.80",3.40,CARD,6675660555957185
23/03/2021 12:51,London Brixton,Wayne Burke,"Regular Smoothies - Glowing Greens - 2.00, Large Smoothies - Glowing Greens - 2.50",4.50,CASH,
23/03/2021 12:53,London Brixton,Charlotte Lee,Large Frappes - Strawberries & Cream - 3.25,3.25,CARD,1979713333981720
23/03/2021 12:55,London Brixton,Susan Miles,"Large Smoothies - Glowing Greens - 2.50, Large Frappes - Strawberries & Cream - 3.25, Regular Smoothies - Glowing Greens - 2.00",7.75,CARD,8528075042140490
23/03/2021 12:56,London Brixton,William Rozmus,"Regular Frappes - Strawberries & Cream - 2.75, Regular Cappuccino - 2.15",4.90,CARD,4921871747192078
23/03/2021 12:58,London Brixton,Marie Adams,"Regular Speciality Tea - Earl Grey - 1.30, Regular Frappes - Strawberries & Cream - 2.75",4.05,CARD,4570771385259039
23/03/2021 13:00,London Brixton,Dave Horton,"Large Frappes - Strawberries & Cream - 3.25, Large Cappuccino - 2.45, Regular Smoothies - Carrot Kick - 2.00",7.70,CARD,6496436046620876
23/03/2021 13:01,London Brixton,Catherine Mcafee,"Large Cappuccino - 2.45, Large Smoothies - Glowing Greens - 2.50, Large Espresso - 1.80, Regular Smoothies - Glowing Greens - 2.00, Large Smoothies - Carrot Kick - 2.50, Regular Espresso - 1.50",12.75,CASH,
23/03/2021 13:02,London Brixton,John Azim,Large Iced americano - 2.50,2.50,CASH,
23/03/2021 13:03,London Brixton,Daryl Perry,"Regular Hot chocolate - 2.20, Regular Smoothies - Glowing Greens - 2.00",4.20,CARD,5154150898783753
23/03/2021 13:04,London Brixton,Lorraine Negron,"Regular Hot chocolate - 2.20, Regular Speciality Tea - Earl Grey - 1.30, Regular Speciality Tea - Earl Grey - 1.30",4.80,CASH,
23/03/2021 13:05,London Brixton,Ramona Tyson,Large Smoothies - Glowing Greens - 2.50,2.50,CARD,6163022715936480
23/03/2021 13:06,London Brixton,Daniel Gandolfi,"Regular Iced americano - 2.15, Regular Hot chocolate - 2.20, Regular Hot chocolate - 2.20",6.55,CARD,4852508204964529
23/03/2021 13:07,London Brixton,Carol Spoon,"Large Speciality Tea - Earl Grey - 1.60, Regular Frappes - Strawberries & Cream - 2.75, Regular Smoothies - Carrot Kick - 2.00, Large Smoothies - Carrot Kick - 2.50",8.85,CASH,
23/03/2021 13:08,London Brixton,Lisa Wood,Large Smoothies - Carrot Kick - 2.50,2.50,CASH,
23/03/2021 13:09,London Brixton,Lindsey White,"Large Hot chocolate - 2.90, Large Smoothies - Glowing Greens - 2.50, Large Iced americano - 2.50",7.90,CARD,2351267716562846
23/03/2021 13:09,London Brixton,James Black,"Large Cappuccino - 2.45, Regular Speciality Tea - Earl Grey - 1.30, Regular Hot chocolate - 2.20, Regular Speciality Tea - Earl Grey - 1.30, Large Cappuccino - 2.45",9.70,CARD,9082445911737420
23/03/2021 13:10,London Brixton,Donald Kulas,"Large Frappes - Strawberries & Cream - 3.25, Regular Smoothies - Carrot Kick - 2.00, Regular Hot chocolate - 2.20, Regular Hot chocolate - 2.20, Regular Smoothies - Glowing Greens - 2.00",11.65,CARD,4192425840974077
23/03/2021 13:11,London Brixton,Allyson Espinoza,"Large Iced americano - 2.50, Regular Cappuccino - 2.15, Regular Frappes - Strawberries & Cream - 2.75",7.40,CARD,3299428508163260
23/03/2021 13:12,London Brixton,Farrah Pless,"Large Smoothies - Glowing Greens - 2.50, Regular Speciality Tea - Earl Grey - 1.30, Regular Smoothies - Glowing Greens - 2.00",5.80,CASH,
23/03/2021 13:13,London Brixton,Bertha Lafollette,"Regular Frappes - Strawberries & Cream - 2.75, Regular Smoothies - Carrot Kick - 2.00, Large Smoothies - Carrot Kick - 2.50, Regular Cappuccino - 2.15, Large Iced americano - 2.50, Regular Speciality Tea - Earl Grey - 1.30",13.20,CARD,2697511861308918
23/03/2021 13:14,London Brixton,Debra Vanmiddleswor,"Regular Smoothies - Carrot Kick - 2.00, Large Frappes - Strawberries & Cream - 3.25, Regular Iced americano - 2.15, Large Espresso - 1.80, Regular Hot chocolate - 2.20",11.40,CASH,
23/03/2021 13:15,London Brixton,Derek Atkinson,"Regular Iced americano - 2.15, Large Espresso - 1.80, Regular Cappuccino - 2.15",6.10,CARD,2658541800975753
23/03/2021 13:16,London Brixton,Rose Easton,"Regular Hot chocolate - 2.20, Large Espresso - 1.80, Large Iced americano - 2.50, Regular Hot chocolate - 2.20, Large Smoothies - Glowing Greens - 2.50",11.20,CASH,
23/03/2021 13:17,London Brixton,Emory Davis,Large Frappes - Strawberries & Cream - 3.25,3.25,CARD,3848556759671354
23/03/2021 13:18,London Brixton,Geraldine Hewett,"Large Smoothies - Glowing Greens - 2.50, Regular Smoothies - Glowing Greens - 2.00, Large Frappes - Strawberries & Cream - 3.25",7.75,CARD,9677573977882153
23/03/2021 13:19,London Brixton,Julian Padilla,"Regular Frappes - Strawberries & Cream - 2.75, Large Iced americano - 2.50",5.25,CASH,
23/03/2021 13:20,London Brixton,Robert Tegeler,"Large Smoothies - Carrot Kick - 2.50, Regular Espresso - 1.50",4.00,CASH,
23/03/2021 13:20,London Brixton,Virginia Fields,Large Espresso - 1.80,1.80,CARD,8519410075671451
23/03/2021 13:21,London Brixton,Scott Setser,"Large Speciality Tea - Earl Grey - 1.60, Large Espresso - 1.80, Regular Smoothies - Carrot Kick - 2.00, Large Smoothies - Glowing Greens - 2.50, Regular Smoothies - Carrot Kick - 2.00",9.90,CARD,4684579216296295
23/03/2021 13:22,London Brixton,Pauline Lewis,"Regular Espresso - 1.50, Large Smoothies - Glowing Greens - 2.50, Regular Cappuccino - 2.15, Large Smoothies - Glowing Greens - 2.50, Regular Frappes - Strawberries & Cream - 2.75, Regular Cappuccino - 2.15",13.55,CARD,2276851545770153
23/03/2021 13:23,London Brixton,Tracy Nau,"Regular Smoothies - Glowing Greens - 2.00, Large Speciality Tea - Earl Grey - 1.60",3.60,CARD,1744147015468670
23/03/2021 13:24,London Brixton,Pauline Brown,Regular Cappuccino - 2.15,2.15,CARD,8432987787787867
23/03/2021 13:25,London Brixton,Steve Gilreath,Large Cappuccino - 2.45,2.45,CARD,2038253212860183
23/03/2021 13:26,London Brixton,Gary Monroe,"Regular Cappuccino - 2.15, Large Iced americano - 2.50",4.65,CARD,5802993796427480
23/03/2021 13:27,London Brixton,Christopher Caudill,"Large Speciality Tea - Earl Grey - 1.60, Large Frappes - Strawberries & Cream - 3.25, Large Hot chocolate - 2.90, Large Speciality Tea - Earl Grey - 1.60",9.35,CASH,
23/03/2021 13:28,London Brixton,Ernest Mccartney,"Large Cappuccino - 2.45, Large Espresso - 1.80, Regular Espresso - 1.50, Regular Espresso - 1.50",7.25,CARD,2883360622255090
23/03/2021 13:29,London Brixton,Marjorie Pence,"Large Hot chocolate - 2.90, Large Speciality Tea - Earl Grey - 1.60, Regular Frappes - Strawberries & Cream - 2.75, Regular Smoothies - Glowing Greens - 2.00",9.25,CARD,5548039724439130
23/03/2021 13:30,London Brixton,Victor Morris,"Large Speciality Tea - Earl Grey - 1.60, Large Espresso - 1.80",3.40,CARD,9217112966208347
23/03/2021 13:31,London Brixton,Dawn Washington,Regular Cappuccino - 2.15,2.15,CARD,4172453132970999
23/03/2021 13:31,London Brixton,Michelle Bishop,"Regular Speciality Tea - Earl Grey - 1.30, Large Smoothies - Carrot Kick - 2.50, Regular Cappuccino - 2.15, Regular Hot chocolate - 2.20, Regular Smoothies - Carrot Kick - 2.00",10.15,CASH,
23/03/2021 13:32,London Brixton,Jeffrey Hill,"Large Cappuccino - 2.45, Large Iced americano - 2.50",4.95,CASH,
23/03/2021 13:33,London Brixton,Frances Coffey,"Regular Frappes - Strawberries & Cream - 2.75, Large Cappuccino - 2.45, Large Iced americano - 2.50, Regular Speciality Tea - Earl Grey - 1.30, Large Smoothies - Glowing Greens - 2.50, Large Espresso - 1.80",13.30,CARD,8100437351452031
23/03/2021 13:34,London Brixton,James Allen,"Large Speciality Tea - Earl Grey - 1.60, Large Smoothies - Glowing Greens - 2.50, Large Iced americano - 2.50, Large Iced americano - 2.50, Large Smoothies - Carrot Kick - 2.50",11.60,CARD,1710056475532374
23/03/2021 13:35,London Brixton,Angel Barr,"Regular Speciality Tea - Earl Grey - 1.30, Large Hot chocolate - 2.90",4.20,CARD,6356246018829729
23/03/2021 13:36,London Brixton,Matthew Lipman,"Large Iced americano - 2.50, Regular Smoothies - Carrot Kick - 2.00, Regular Frappes - Strawberries & Cream - 2.75",7.25,CARD,9339277818628431
23/03/2021 13:37,London Brixton,Martin Williams,"Regular Iced americano - 2.15, Large Cappuccino - 2.45, Large Cappuccino - 2.45, Regular Speciality Tea - Earl Grey - 1.30",8.35,CARD,6659994552849555
23/03/2021 13:38,London Brixton,Lance Broomfield,"Regular Cappuccino - 2.15, Regular Smoothies - Glowing Greens - 2.00, Regular Espresso - 1.50, Regular Smoothies - Glowing Greens - 2.00, Regular Frappes - Strawberries & Cream - 2.75",10.40,CARD,7573726320086589
23/03/2021 13:39,London Brixton,Allan Hampton,"Regular Cappuccino - 2.15, Regular Espresso - 1.50, Large Espresso - 1.80, Large Smoothies - Carrot Kick - 2.50",7.95,CASH,
23/03/2021 13:40,London Brixton,Robert Brown,Large Smoothies - Glowing Greens - 2.50,2.50,CARD,7099512676061883
23/03/2021 13:41,London Brixton,Earl Holmes,"Regular Espresso - 1.50, Regular Espresso - 1.50, Large Iced americano - 2.50, Regular Speciality Tea - Earl Grey - 1.30, Regular Iced americano - 2.15, Large Cappuccino - 2.45",11.40,CASH,
23/03/2021 13:42,London Brixton,Donald Mount,"Large Cappuccino - 2.45, Regular Smoothies - Glowing Greens - 2.00",4.45,CARD,6649887428877930
23/03/2021 13:42,London Brixton,Doris Webb,"Large Smoothies - Carrot Kick - 2.50, Regular Cappuccino - 2.15",4.65,CASH,
23/03/2021 13:43,London Brixton,Roland Bell,Large Speciality Tea - Earl Grey - 1.60,1.60,CASH,
23/03/2021 13:44,London Brixton,Dorothy Botto,"Large Hot chocolate - 2.90, Large Frappes - Strawberries & Cream - 3.25, Regular Speciality Tea - Earl Grey - 1.30, Regular Iced americano - 2.15, Large Smoothies - Glowing Greens - 2.50",12.10,CARD,4837360657192101
23/03/2021 13:45,London Brixton,Marilyn Alexander,"Regular Iced americano - 2.15, Regular Speciality Tea - Earl Grey - 1.30, Regular Speciality Tea - Earl Grey - 1.30",4.75,CASH,
23/03/2021 13:46,London Brixton,Jason Green,"Large Cappuccino - 2.45, Large Espresso - 1.80, Large Cappuccino - 2.45",6.70,CARD,2741638247810609
23/03/2021 13:47,London Brixton,Ruth August,"Regular Iced americano - 2.15, Large Cappuccino - 2.45",4.60,CARD,1222135776733980
23/03/2021 13:48,London Brixton,Judith Good,"Regular Espresso - 1.50, Regular Speciality Tea - Earl Grey - 1.30, Large Speciality Tea - Earl Grey - 1.60",4.40,CARD,5047838843918993
23/03/2021 13:49,London Brixton,Anthony Thompson,"Regular Cappuccino - 2.15, Regular Espresso - 1.50, Large Iced americano - 2.50",6.15,CARD,8212145663381561
23/03/2021 13:50,London Brixton,Robert Bui,Large Iced americano - 2.50,2.50,CASH,
23/03/2021 13:51,London Brixton,Ruth Starr,Large Smoothies - Glowing Greens - 2.50,2.50,CASH,
23/03/2021 13:52,London Brixton,Ben Routt,"Regular Smoothies - Glowing Greens - 2.00, Regular Hot chocolate - 2.20",4.20,CARD,9463265706091330
23/03/2021 13:53,London Brixton,Michelle Watson,"Large Espresso - 1.80, Regular Iced americano - 2.15, Large Espresso - 1.80, Regular Iced americano - 2.15, Large Espresso - 1.80",9.70,CARD,9305629242244067
23/03/2021 13:53,London Brixton,Clinton Stone,"Large Frappes - Strawberries & Cream - 3.25, Large Speciality Tea - Earl Grey - 1.60, Large Smoothies - Glowing Greens - 2.50, Large Espresso - 1.80",9.15,CASH,
23/03/2021 13:54,London Brixton,Marilyn Way,"Large Smoothies - Glowing Greens - 2.50, Large Cappuccino - 2.45, Large Espresso - 1.80, Large Smoothies - Glowing Greens - 2.50",9.25,CARD,3577522543403847
23/03/2021 13:55,London Brixton,Sam Griffith,"Regular Iced americano - 2.15, Regular Cappuccino - 2.15, Large Speciality Tea - Earl Grey - 1.60",5.90,CARD,4363891299256912
23/03/2021 13:56,London Brixton,Bettie Montgomery,"Regular Cappuccino - 2.15, Large Smoothies - Glowing Greens - 2.50, Regular Hot chocolate - 2.20",6.85,CASH,
23/03/2021 13:57,London Brixton,Loren Gorman,"Regular Speciality Tea - Earl Grey - 1.30, Regular Espresso - 1.50, Regular Speciality Tea - Earl Grey - 1.30, Regular Cappuccino - 2.15, Large Frappes - Strawberries & Cream - 3.25",9.50,CARD,3502592442062703
23/03/2021 13:58,London Brixton,Darnell Hoyle,Large Espresso - 1.80,1.80,CARD,8122416324097552
23/03/2021 13:59,London Brixton,Joel Crawford,"Large Speciality Tea - Earl Grey - 1.60, Regular Smoothies - Carrot Kick - 2.00, Large Speciality Tea - Earl Grey - 1.60, Regular Iced americano - 2.15, Large Espresso - 1.80, Large Hot chocolate - 2.90",12.05,CASH,
23/03/2021 14:00,London Brixton,John Degregorio,Regular Cappuccino - 2.15,2.15,CASH,
23/03/2021 14:01,London Brixton,Craig Ayala,Regular Smoothies - Glowing Greens - 2.00,2.00,CASH,
23/03/2021 14:02,London Brixton,Tara Begley,Large Iced americano - 2.50,2.50,CASH,
23/03/2021 14:03,London Brixton,Christopher Colon,"Large Smoothies - Glowing Greens - 2.50, Regular Iced americano - 2.15, Large Smoothies - Glowing Greens - 2.50, Large Iced americano - 2.50",9.65,CARD,2286533484236296
23/03/2021 14:04,London Brixton,Lois Kath,Large Smoothies - Glowing Greens - 2.50,2.50,CARD,1595901425839680
23/03/2021 14:05,London Brixton,Marcellus Behrens,Regular Iced americano - 2.15,2.15,CARD,8208334450095733
23/03/2021 14:06,London Brixton,Judith Duncan,"Large Cappuccino - 2.45, Regular Smoothies - Carrot Kick - 2.00, Large Cappuccino - 2.45, Regular Hot chocolate - 2.20",9.10,CARD,1418605027503066
23/03/2021 14:07,London Brixton,Margaret Lothridge,Large Hot chocolate - 2.90,2.90,CARD,7998898504729124
23/03/2021 14:08,London Brixton,Mandy Jakeman,"Large Frappes - Strawberries & Cream - 3.25, Regular Iced americano - 2.15, Regular Frappes - Strawberries & Cream - 2.75, Regular Frappes - Strawberries & Cream - 2.75, Large Iced americano - 2.50, Large Smoothies - Glowing Greens - 2.50",15.90,CARD,9888641592093565
23/03/2021 14:09,London Brixton,Laurette Ledbetter,"Regular Espresso - 1.50, Regular Smoothies - Carrot Kick - 2.00",3.50,CARD,6422453544274218
23/03/2021 14:10,London Brixton,Adam Hollabaugh,Large Speciality Tea - Earl Grey - 1.60,1.60,CARD,9088206549166067
23/03/2021 14:11,London Brixton,Eloise Everhart,"Regular Smoothies - Carrot Kick - 2.00, Regular Hot chocolate - 2.20",4.20,CASH,
23/03/2021 14:12,London Brixton,Mary Wigington,"Regular Espresso - 1.50, Large Frappes - Strawberries & Cream - 3.25",4.75,CARD,1575310717904918
23/03/2021 14:13,London Brixton,Frank Eggen,"Large Smoothies - Glowing Greens - 2.50, Large Speciality Tea - Earl Grey - 1.60",4.10,CARD,4069137887447860
23/03/2021 14:14,London Brixton,Daniel Pacini,"Large Iced americano - 2.50, Large Iced americano - 2.50",5.00,CASH,
23/03/2021 14:15,London Brixton,Frances Rickards,"Large Speciality Tea - Earl Grey - 1.60, Large Iced americano - 2.50, Large Cappuccino - 2.45, Large Smoothies - Glowing Greens - 2.50, Large Smoothies - Glowing Greens - 2.50",11.55,CASH,
23/03/2021 14:16,London Brixton,Rob Hall,"Regular Speciality Tea - Earl Grey - 1.30, Large Iced americano - 2.50, Large Speciality Tea - Earl Grey - 1.60, Regular Hot chocolate - 2.20, Large Hot chocolate - 2.90, Regular Iced americano - 2.15",12.65,CARD,4655369948697987
23/03/2021 14:17,London Brixton,Martin Wise,Regular Smoothies - Glowing Greens - 2.00,2.00,CARD,7610556198324842
23/03/2021 14:18,London Brixton,Bessie Salerno,"Regular Iced americano - 2.15, Large Espresso - 1.80, Regular Cappuccino - 2.15, Regular Cappuccino - 2.15, Large Smoothies - Glowing Greens - 2.50",10.75,CARD,2511916044313416
23/03/2021 14:19,London Brixton,Tony Mcalpin,"Large Speciality Tea - Earl Grey - 1.60, Large Cappuccino - 2.45",4.05,CARD,7162986671605437
23/03/2021 14:20,London Brixton,Maryellen Horton,Regular Hot chocolate - 2.20,2.20,CARD,7327450288135840
23/03/2021 14:21,London Brixton,Maria Qualls,"Regular Cappuccino - 2.15, Regular Frappes - Strawberries & Cream - 2.75",4.90,CARD,9651101723970980
23/03/2021 14:22,London Brixton,Miriam Charles,"Regular Smoothies - Glowing Greens - 2.00, Large Smoothies - Carrot Kick - 2.50",4.50,CASH,
23/03/2021 14:23,London Brixton,Elaine Nielsen,Large Iced americano - 2.50,2.50,CARD,3260089319726802
23/03/2021 14:23,London Brixton,Charles Horn,"Regular Speciality Tea - Earl Grey - 1.30, Large Frappes - Strawberries & Cream - 3.25, Regular Frappes - Strawberries & Cream - 2.75, Large Hot chocolate - 2.90, Large Hot chocolate - 2.90",13.10,CARD,6504009991248923
23/03/2021 14:24,London Brixton,Kenneth Do,"Regular Iced americano - 2.15, Large Speciality Tea - Earl Grey - 1.60",3.75,CARD,8038343892069763
23/03/2021 14:25,London Brixton,Francis Osler,"Regular Smoothies - Carrot Kick - 2.00, Regular Smoothies - Carrot Kick - 2.00, Regular Iced americano - 2.15",6.15,CASH,
23/03/2021 14:26,London Brixton,Beverly Boyer,"Regular Smoothies - Glowing Greens - 2.00, Large Hot chocolate - 2.90, Regular Espresso - 1.50",6.40,CARD,7931521391555141
23/03/2021 14:27,London Brixton,Richard Brown,"Regular Frappes - Strawberries & Cream - 2.75, Large Smoothies - Carrot Kick - 2.50, Large Frappes - Strawberries & Cream - 3.25, Large Cappuccino - 2.45, Large Speciality Tea - Earl Grey - 1.60",12.55,CASH,
23/03/2021 14:28,London Brixton,Laura Mcaferty,"Large Iced americano - 2.50, Regular Frappes - Strawberries & Cream - 2.75, Large Frappes - Strawberries & Cream - 3.25",8.50,CARD,3918408253673781
23/03/2021 14:29,London Brixton,Anthony Carver,"Large Cappuccino - 2.45, Large Espresso - 1.80",4.25,CARD,5495109549254990
23/03/2021 14:30,London Brixton,Noella Rodriguez,Regular Smoothies - Carrot Kick - 2.00,2.00,CASH,
23/03/2021 14:31,London Brixton,Norman Hemphill,Large Iced americano - 2.50,2.50,CARD,1703767338605609
23/03/2021 14:32,London Brixton,Sean Spalding,"Large Iced americano - 2.50, Large Frappes - Strawberries & Cream - 3.25, Large Speciality Tea - Earl Grey - 1.60, Large Smoothies - Glowing Greens - 2.50",9.85,CARD,8451564374617390
23/03/2021 14:33,London Brixton,Charles Jones,"Regular Smoothies - Carrot Kick - 2.00, Regular Hot chocolate - 2.20",4.20,CARD,2310827961425898
23/03/2021 14:34,London Brixton,Katrina Schultz,"Regular Iced americano - 2.15, Regular Cappuccino - 2.15, Regular Smoothies - Glowing Greens - 2.00, Regular Cappuccino - 2.15",8.45,CARD,3300292864903236
23/03/2021 14:35,London Brixton,Susan Smith,"Regular Smoothies - Carrot Kick - 2.00, Large Frappes - Strawberries & Cream - 3.25, Large Smoothies - Glowing Greens - 2.50, Large Smoothies - Carrot Kick - 2.50, Regular Cappuccino - 2.15",12.40,CASH,
23/03/2021 14:36,London Brixton,Martha Horrell,"Regular Cappuccino - 2.15, Large Hot chocolate - 2.90",5.05,CARD,9526365464785731
23/03/2021 14:37,London Brixton,Frank Denger,"Regular Espresso - 1.50, Large Hot chocolate - 2.90, Large Smoothies - Glowing Greens - 2.50, Large Smoothies - Carrot Kick - 2.50",9.40,CASH,
23/03/2021 14:38,London Brixton,Stewart Smith,"Regular Espresso - 1.50, Regular Cappuccino - 2.15, Large Speciality Tea - Earl Grey - 1.60, Large Frappes - Strawberries & Cream - 3.25",8.50,CARD,5426564702871134
23/03/2021 14:39,London Brixton,Paul Cooper,"Regular Smoothies - Carrot Kick - 2.00, Regular Iced americano - 2.15, Regular Espresso - 1.50, Regular Smoothies - Carrot Kick - 2.00",7.65,CASH,
23/03/2021 14:40,London Brixton,Mary Gutierrez,Large Hot chocolate - 2.90,2.90,CARD,6544980162593005
23/03/2021 14:41,London Brixton,Hulda Ring,"Regular Hot chocolate - 2.20, Large Hot chocolate - 2.90, Large Speciality Tea - Earl Grey - 1.60, Regular Smoothies - Glowing Greens - 2.00, Large Iced americano - 2.50, Large Hot chocolate - 2.90",14.10,CARD,8900662209432923
23/03/2021 14:42,London Brixton,Melba Veilleux,"Regular Smoothies - Carrot Kick - 2.00, Regular Smoothies - Carrot Kick - 2.00",4.00,CARD,1234902028087325
23/03/2021 14:43,London Brixton,Terri Duffy,Regular Speciality Tea - Earl Grey - 1.30,1.30,CARD,2232768062666302
23/03/2021 14:44,London Brixton,Bert Baldwin,"Regular Frappes - Strawberries & Cream - 2.75, Regular Smoothies - Glowing Greens - 2.00",4.75,CARD,3515754555173259
23/03/2021 14:45,London Brixton,Peter Williams,Regular Iced americano - 2.15,2.15,CASH,
23/03/2021 14:46,London Brixton,Susan Abild,"Large Espresso - 1.80, Regular Smoothies - Carrot Kick - 2.00, Regular Cappuccino - 2.15",5.95,CARD,5742166918102733
23/03/2021 14:47,London Brixton,Donna Rutledge,"Regular Hot chocolate - 2.20, Large Smoothies - Carrot Kick - 2.50, Large Frappes - Strawberries & Cream - 3.25, Large Espresso - 1.80, Large Iced americano - 2.50",12.25,CARD,5277336466232152
23/03/2021 14:48,London Brixton,Calvin Murray,"Large Hot chocolate - 2.90, Regular Smoothies - Carrot Kick - 2.00, Large Hot chocolate - 2.90, Regular Espresso - 1.50, Large Smoothies - Glowing Greens - 2.50",11.80,CARD,3981081390781172
23/03/2021 14:49,London Brixton,James Truitt,Regular Smoothies - Glowing Greens - 2.00,2.00,CARD,4699068906764195
23/03/2021 14:50,London Brixton,Diane Barna,Large Frappes - Strawberries & Cream - 3.25,3.25,CARD,6238766899337577
23/03/2021 14:51,London Brixton,David Scruggs,"Large Frappes - Strawberries & Cream - 3.25, Large Cappuccino - 2.45",5.70,CARD,5309838425600239
23/03/2021 14:52,London Brixton,Victoria Crawford,"Large Iced americano - 2.50, Regular Cappuccino - 2.15, Large Speciality Tea - Earl Grey - 1.60, Regular Espresso - 1.50",7.75,CARD,6668807390527038
23/03/2021 14:53,London Brixton,Jerry Rowe,"Regular Hot chocolate - 2.20, Regular Speciality Tea - Earl Grey - 1.30",3.50,CASH,
23/03/2021 14:54,London Brixton,Barbara Campbell,"Regular Iced americano - 2.15, Large Smoothies - Glowing Greens - 2.50, Large Speciality Tea - Earl Grey - 1.60",6.25,CASH,
23/03/2021 14:55,London Brixton,Kevin Collazo,"Large Espresso - 1.80, Regular Smoothies - Glowing Greens - 2.00, Regular Hot chocolate - 2.20",6.00,CARD,9125761696217421
23/03/2021 14:56,London Brixton,Mario Monroe,"Large Frappes - Strawberries & Cream - 3.25, Regular Speciality Tea - Earl Grey - 1.30, Regular Smoothies - Carrot Kick - 2.00, Large Smoothies - Carrot Kick - 2.50",9.05,CASH,
23/03/2021 14:57,London Brixton,Elizabeth Williams,"Large Iced americano - 2.50, Regular Cappuccino - 2.15, Regular Smoothies - Carrot Kick - 2.00, Large Smoothies - Carrot Kick - 2.50",9.15,CASH,
23/03/2021 14:58,London Brixton,Sonya Burr,"Large Smoothies - Glowing Greens - 2.50, Large Espresso - 1.80, Large Hot chocolate - 2.90, Large Cappuccino - 2.45, Regular Speciality Tea - Earl Grey - 1.30",10.95,CASH,
23/03/2021 14:59,London Brixton,Jaime Duguay,"Regular Smoothies - Glowing Greens - 2.00, Large Frappes - Strawberries & Cream - 3.25, Large Smoothies - Glowing Greens - 2.50",7.75,CARD,1593803767396921
23/03/2021 15:00,London Brixton,Toni Marroquin,"Regular Smoothies - Glowing Greens - 2.00, Large Espresso - 1.80, Large Hot chocolate - 2.90",6.70,CARD,4680802122018533
23/03/2021 15:02,London Brixton,Freda Owenby,"Regular Speciality Tea - Earl Grey - 1.30, Regular Smoothies - Glowing Greens - 2.00, Regular Hot chocolate - 2.20",5.50,CARD,7073757083638162
23/03/2021 15:03,London Brixton,Zona Ricketts,Regular Iced americano - 2.15,2.15,CARD,9086147781534849
23/03/2021 15:05,London Brixton,Edna Golden,Large Iced americano - 2.50,2.50,CARD,2007777799046321
23/03/2021 15:07,London Brixton,Kathryn Mclean,Large Smoothies - Carrot Kick - 2.50,2.50,CARD,8768363711580907
23/03/2021 15:08,London Brixton,Edwin Grimm,Large Cappuccino - 2.45,2.45,CARD,8001683342153743
23/03/2021 15:10,London Brixton,Jennie Willey,Regular Speciality Tea - Earl Grey - 1.30,1.30,CARD,6422040817809553
23/03/2021 15:12,London Brixton,Helen Cornell,"Large Speciality Tea - Earl Grey - 1.60, Regular Cappuccino - 2.15",3.75,CASH,
23/03/2021 15:14,London Brixton,Jeanne Newcomb,Large Espresso - 1.80,1.80,CARD,8899707671424376
23/03/2021 15:15,London Brixton,Latoya Baca,"Large Cappuccino - 2.45, Regular Cappuccino - 2.15",4.60,CARD,2205336539052445
23/03/2021 15:17,London Brixton,Catherine Cross,"Regular Smoothies - Glowing Greens - 2.00, Regular Speciality Tea - Earl Grey - 1.30, Regular Hot chocolate - 2.20, Regular Iced americano - 2.15, Regular Smoothies - Glowing Greens - 2.00",9.65,CARD,8264648134680031
23/03/2021 15:19,London Brixton,James Santos,Regular Hot chocolate - 2.20,2.20,CASH,
23/03/2021 15:20,London Brixton,Gail Mendias,"Large Cappuccino - 2.45, Regular Cappuccino - 2.15, Regular Hot chocolate - 2.20",6.80,CARD,4896393809568937
23/03/2021 15:22,London Brixton,Courtney Rumsey,"Large Frappes - Strawberries & Cream - 3.25, Large Smoothies - Glowing Greens - 2.50, Large Smoothies - Glowing Greens - 2.50",8.25,CASH,
23/03/2021 15:24,London Brixton,Rebecca Allan,"Regular Smoothies - Carrot Kick - 2.00, Regular Speciality Tea - Earl Grey - 1.30",3.30,CASH,
23/03/2021 15:25,London Brixton,Maria Hinojosa,Regular Iced americano - 2.15,2.15,CARD,8277594141711022
23/03/2021 15:27,London Brixton,Modesto Blair,"Large Speciality Tea - Earl Grey - 1.60, Large Smoothies - Glowing Greens - 2.50, Large Smoothies - Carrot Kick - 2.50",6.60,CARD,7843806338301490
23/03/2021 15:29,London Brixton,Peter Thomas,"Regular Iced americano - 2.15, Regular Cappuccino - 2.15, Large Smoothies - Glowing Greens - 2.50, Regular Espresso - 1.50, Regular Smoothies - Carrot Kick - 2.00",10.30,CARD,9086180643177756
23/03/2021 15:31,London Brixton,Steve Proulx,Regular Espresso - 1.50,1.50,CARD,2141569169496839
23/03/2021 15:32,London Brixton,Charles Tremblay,"Regular Cappuccino - 2.15, Regular Frappes - Strawberries & Cream - 2.75",4.90,CARD,2245098822696161
23/03/2021 15:34,London Brixton,Jason Chute,"Large Espresso - 1.80, Regular Speciality Tea - Earl Grey - 1.30, Regular Espresso - 1.50",4.60,CASH,
23/03/2021 15:36,London Brixton,Spencer Woody,"Large Frappes - Strawberries & Cream - 3.25, Regular Speciality Tea - Earl Grey - 1.30, Large Smoothies - Glowing Greens - 2.50",7.05,CASH,
23/03/2021 15:37,London Brixton,Tobie Hoffman,Large Smoothies - Carrot Kick - 2.50,2.50,CARD,9539723457162184
23/03/2021 15:39,London Brixton,Dorothy Carpenter,"Regular Espresso - 1.50, Regular Smoothies - Glowing Greens - 2.00",3.50,CARD,9547226298120935
23/03/2021 15:41,London Brixton,Charles Loftin,Regular Cappuccino - 2.15,2.15,CARD,9922360486824055
23/03/2021 15:43,London Brixton,Nicole Zepeda,"Regular Smoothies - Glowing Greens - 2.00, Large Speciality Tea - Earl Grey - 1.60",3.60,CARD,5549470528449797
23/03/2021 15:44,London Brixton,Sarah Garrett,Regular Hot chocolate - 2.20,2.20,CARD,6500395338688034
23/03/2021 15:46,London Brixton,Richard Rembert,"Regular Speciality Tea - Earl Grey - 1.30, Regular Cappuccino - 2.15, Regular Speciality Tea - Earl Grey - 1.30, Regular Smoothies - Glowing Greens - 2.00, Large Hot chocolate - 2.90",9.65,CARD,5533295592679524
23/03/2021 15:48,London Brixton,Barbara Yates,Large Hot chocolate - 2.90,2.90,CARD,3289090020653170
23/03/2021 15:49,London Brixton,Ofelia Bowthorpe,"Regular Frappes - Strawberries & Cream - 2.75, Regular Iced americano - 2.15, Regular Smoothies - Glowing Greens - 2.00",6.90,CARD,7414412313728399
23/03/2021 15:51,London Brixton,Dee Suarez,"Large Smoothies - Glowing Greens - 2.50, Regular Espresso - 1.50, Regular Iced americano - 2.15, Large Espresso - 1.80",7.95,CARD,4489090196951271
23/03/2021 15:53,London Brixton,Nancy Dye,Large Frappes - Strawberries & Cream - 3.25,3.25,CARD,4876885521403073
23/03/2021 15:54,London Brixton,Florence Deaton,"Regular Speciality Tea - Earl Grey - 1.30, Large Iced americano - 2.50",3.80,CARD,5768541513885855
23/03/2021 15:56,London Brixton,Rebecca Pridgeon,"Regular Smoothies - Carrot Kick - 2.00, Regular Iced americano - 2.15",4.15,CARD,3763873305093839
23/03/2021 15:58,London Brixton,George Carnicelli,"Large Smoothies - Glowing Greens - 2.50, Regular Cappuccino - 2.15, Large Cappuccino - 2.45",7.10,CARD,3474442381640817
23/03/2021 16:00,London Brixton,Michael Robinson,"Regular Smoothies - Glowing Greens - 2.00, Large Smoothies - Carrot Kick - 2.50, Large Espresso - 1.80, Large Espresso - 1.80",8.10,CARD,5108418071058777
23/03/2021 16:03,London Brixton,Charles Kimura,"Large Smoothies - Glowing Greens - 2.50, Regular Cappuccino - 2.15",4.65,CASH,
23/03/2021 16:06,London Brixton,Garland Squire,Large Smoothies - Carrot Kick - 2.50,2.50,CASH,
23/03/2021 16:09,London Brixton,Vickie Koetter,Regular Hot chocolate - 2.20,2.20,CARD,6409092660065023
23/03/2021 16:12,London Brixton,David Moland,"Large Cappuccino - 2.45, Regular Frappes - Strawberries & Cream - 2.75, Regular Cappuccino - 2.15, Large Hot chocolate - 2.90",10.25,CASH,
23/03/2021 16:15,London Brixton,Thelma Lehman,"Large Frappes - Strawberries & Cream - 3.25, Large Smoothies - Carrot Kick - 2.50, Large Hot chocolate - 2.90",8.65,CASH,
23/03/2021 16:18,London Brixton,Michael Quick,"Regular Hot chocolate - 2.20, Regular Iced americano - 2.15, Large Smoothies - Carrot Kick - 2.50, Regular Cappuccino - 2.15, Regular Frappes - Strawberries & Cream - 2.75, Large Speciality Tea - Earl Grey - 1.60",13.35,CASH,
23/03/2021 16:22,London Brixton,Alfred Pacheco,"Regular Hot chocolate - 2.20, Large Iced americano - 2.50, Large Espresso - 1.80",6.50,CARD,3809128345826882
23/03/2021 16:25,London Brixton,Celia Johnston,"Large Speciality Tea - Earl Grey - 1.60, Regular Speciality Tea - Earl Grey - 1.30",2.90,CARD,7303229741253881
23/03/2021 16:28,London Brixton,Rose Thornton,"Regular Iced americano - 2.15, Large Smoothies - Carrot Kick - 2.50",4.65,CARD,9630547639570336
23/03/2021 16:31,London Brixton,Carroll Hutchinson,Large Hot chocolate - 2.90,2.90,CARD,1600440794901837
23/03/2021 16:34,London Brixton,Charles Kaplan,"Large Speciality Tea - Earl Grey - 1.60, Large Espresso - 1.80, Regular Frappes - Strawberries & Cream - 2.75, Large Smoothies - Carrot Kick - 2.50, Regular Smoothies - Carrot Kick - 2.00",10.65,CARD,7595977972198351
23/03/2021 16:37,London Brixton,Fonda Hughes,"Large Speciality Tea - Earl Grey - 1.60, Regular Speciality Tea - Earl Grey - 1.30, Large Smoothies - Carrot Kick - 2.50, Regular Iced americano - 2.15, Large Speciality Tea - Earl Grey - 1.60",9.15,CASH,
23/03/2021 16:41,London Brixton,Addie Parker,Large Iced americano - 2.50,2.50,CASH,
23/03/2021 16:44,London Brixton,Robert Rosado,"Large Hot chocolate - 2.90, Large Hot chocolate - 2.90",5.80,CARD,6722792149882744
23/03/2021 16:47,London Brixton,Anne Valdez,"Large Hot chocolate - 2.90, Regular Speciality Tea - Earl Grey - 1.30",4.20,CASH,
23/03/2021 16:50,London Brixton,Travis Jackson,"Regular Iced americano - 2.15, Regular Smoothies - Carrot Kick - 2.00, Large Smoothies - Glowing Greens - 2.50, Large Iced americano - 2.50, Large Smoothies - Carrot Kick - 2.50, Large Speciality Tea - Earl Grey - 1.60",13.25,CARD,3698615415311172
23/03/2021 16:53,London Brixton,John Wade,Regular Frappes - Strawberries & Cream - 2.75,2.75,CARD,9052796561951032
23/03/2021 16:56,London Brixton,Flora Bottoms,"Large Smoothies - Carrot Kick - 2.50, Regular Smoothies - Carrot Kick - 2.00, Large Smoothies - Glowing Greens - 2.50",7.00,CARD,2653355321741334
23/03/2021 16:59,London Brixton,Christa Davis,"Large Hot chocolate - 2.90, Regular Iced americano - 2.15",5.05,CARD,5193114338085772
23/03/2021 17:03,London Brixton,Monica Ambler,"Regular Smoothies - Carrot Kick - 2.00, Large Espresso - 1.80",3.80,CARD,2514620486538073
23/03/2021 17:05,London Brixton,Adeline Stricklin,"Large Iced americano - 2.50, Large Frappes - Strawberries & Cream - 3.25, Regular Cappuccino - 2.15, Regular Hot chocolate - 2.20, Regular Smoothies - Carrot Kick - 2.00",12.10,CARD,2342576485910677
23/03/2021 17:07,London Brixton,Grace Thrill,"Large Smoothies - Carrot Kick - 2.50, Large Iced americano - 2.50, Large Iced americano - 2.50, Regular Iced americano - 2.15, Regular Espresso - 1.50",11.15,CARD,7588626188864425
23/03/2021 17:10,London Brixton,Terrie Ryan,"Large Hot chocolate - 2.90, Large Espresso - 1.80, Regular Espresso - 1.50, Regular Iced americano - 2.15",8.35,CARD,3614883920382848
23/03/2021 17:12,London Brixton,William Ashe,"Regular Iced americano - 2.15, Large Espresso - 1.80",3.95,CARD,2680206286830795
23/03/2021 17:15,London Brixton,Margaret Akers,Large Cappuccino - 2.45,2.45,CARD,9974304110851021
23/03/2021 17:17,London Brixton,Justin Shearon,"Large Smoothies - Carrot Kick - 2.50, Large Iced americano - 2.50, Regular Smoothies - Carrot Kick - 2.00, Regular Speciality Tea - Earl Grey - 1.30, Large Smoothies - Glowing Greens - 2.50, Regular Iced americano - 2.15",12.95,CASH,
23/03/2021 17:19,London Brixton,Ann Mire,"Regular Hot chocolate - 2.20, Large Smoothies - Carrot Kick - 2.50",4.70,CARD,2283747892389071
23/03/2021 17:22,London Brixton,Bobby Glenn,Regular Smoothies - Carrot Kick - 2.00,2.00,CASH,
23/03/2021 17:24,London Brixton,David Moore,"Regular Hot chocolate - 2.20, Large Espresso - 1.80",4.00,CARD,2955352593452890
23/03/2021 17:27,London Brixton,Virginia Banville,"Regular Smoothies - Carrot Kick - 2.00, Large Frappes - Strawberries & Cream - 3.25",5.25,CARD,4245379764568571
23/03/2021 17:29,London Brixton,Frances Gathers,"Large Frappes - Strawberries & Cream - 3.25, Regular Iced americano - 2.15, Large Cappuccino - 2.45",7.85,CASH,
23/03/2021 17:31,London Brixton,Wayne Cornish,"Large Smoothies - Glowing Greens - 2.50, Regular Cappuccino - 2.15, Large Frappes - Strawberries & Cream - 3.25, Regular Iced americano - 2.15, Large Speciality Tea - Earl Grey - 1.60, Regular Smoothies - Carrot Kick - 2.00",13.65,CASH,
23/03/2021 17:34,London Brixton,Heather Snyder,Large Speciality Tea - Earl Grey - 1.60,1.60,CARD,4884188253600021
23/03/2021 17:36,London Brixton,Grant Kelly,"Regular Speciality Tea - Earl Grey - 1.30, Large Cappuccino - 2.45",3.75,CARD,6678855037830437
23/03/2021 17:39,London Brixton,Lillie Koster,Large Espresso - 1.80,1.80,CASH,
23/03/2021 17:41,London Brixton,Mike Patrick,"Large Smoothies - Carrot Kick - 2.50, Large Frappes - Strawberries & Cream - 3.25",5.75,CASH,
23/03/2021 17:43,London Brixton,Rebecca Wells,Large Speciality Tea - Earl Grey - 1.60,1.60,CARD,9804049626792818
23/03/2021 17:46,London Brixton,Lisa Dennis,"Large Hot chocolate - 2.90, Regular Hot chocolate - 2.20, Regular Smoothies - Glowing Greens - 2.00, Regular Hot chocolate - 2.20, Large Smoothies - Carrot Kick - 2.50",11.80,CASH,
23/03/2021 17:48,London Brixton,Frances Longfellow,"Large Smoothies - Carrot Kick - 2.50, Large Hot chocolate - 2.90, Regular Speciality Tea - Earl Grey - 1.30",6.70,CASH,
23/03/2021 17:51,London Brixton,Janet Sudbury,Large Iced americano - 2.50,2.50,CASH,
23/03/2021 17:53,London Brixton,Kimberly Crawford,"Large Smoothies - Carrot Kick - 2.50, Regular Cappuccino - 2.15, Large Speciality Tea - Earl Grey - 1.60",6.25,CARD,6947278654943501
23/03/2021 17:55,London Brixton,Larry Griffith,Regular Speciality Tea - Earl Grey - 1.30,1.30,CARD,9017554356113688
23/03/2021 17:58,London Brixton,Peggy Jones,Large Hot chocolate - 2.90,2.90,CARD,1514094157807940
23/03/2021 18:00,London Brixton,Leroy Sanchez,"Large Smoothies - Carrot Kick - 2.50, Large Espresso - 1.80, Large Iced americano - 2.50, Large Smoothies - Carrot Kick - 2.50, Large Cappuccino - 2.45, Regular Hot chocolate - 2.20",13.95,CASH,
23/03/2021 18:02,London Brixton,Johnny Scannell,"Regular Speciality Tea - Earl Grey - 1.30, Large Espresso - 1.80",3.10,CARD,8468511318737577
23/03/2021 18:04,London Brixton,Ann Wenstrom,"Large Cappuccino - 2.45, Large Smoothies - Carrot Kick - 2.50, Large Iced americano - 2.50, Large Espresso - 1.80, Regular Smoothies - Carrot Kick - 2.00, Regular Iced americano - 2.15",13.40,CARD,5564441144704085
23/03/2021 18:07,London Brixton,Eula Moore,"Regular Smoothies - Glowing Greens - 2.00, Large Speciality Tea - Earl Grey - 1.60, Large Hot chocolate - 2.90, Large Iced americano - 2.50, Regular Iced americano - 2.15, Large Hot chocolate - 2.90",14.05,CARD,2568595563122260
23/03/2021 18:09,London Brixton,Joseph Cohen,"Regular Espresso - 1.50, Large Cappuccino - 2.45, Regular Espresso - 1.50, Large Speciality Tea - Earl Grey - 1.60",7.05,CASH,
23/03/2021 18:11,London Brixton,Sandra Thomas,"Large Speciality Tea - Earl Grey - 1.60, Large Iced americano - 2.50, Regular Speciality Tea - Earl Grey - 1.30, Regular Smoothies - Glowing Greens - 2.00",7.40,CASH,
23/03/2021 18:13,London Brixton,Thomas Lomanto,"Large Iced americano - 2.50, Large Hot chocolate - 2.90, Large Espresso - 1.80",7.20,CARD,6275767890322385
23/03/2021 18:15,London Brixton,John Moniz,"Regular Smoothies - Carrot Kick - 2.00, Large Smoothies - Glowing Greens - 2.50, Regular Frappes - Strawberries & Cream - 2.75, Regular Smoothies - Glowing Greens - 2.00",9.25,CARD,5690196732876948
23/03/2021 18:17,London Brixton,Samuel Watson,Regular Espresso - 1.50,1.50,CARD,4565902012238240
23/03/2021 18:19,London Brixton,Ken Cooper,"Regular Speciality Tea - Earl Grey - 1.30, Large Speciality Tea - Earl Grey - 1.60, Large Smoothies - Glowing Greens - 2.50",5.40,CARD,3944206395921903
23/03/2021 18:21,London Brixton,David Truocchio,"Large Speciality Tea - Earl Grey - 1.60, Large Speciality Tea - Earl Grey - 1.60, Regular Hot chocolate - 2.20",5.40,CASH,
23/03/2021 18:24,London Brixton,Kenneth Bailey,"Regular Hot chocolate - 2.20, Regular Cappuccino - 2.15, Regular Espresso - 1.50, Regular Frappes - Strawberries & Cream - 2.75, Large Smoothies - Glowing Greens - 2.50",11.10,CARD,1845689504969542
23/03/2021 18:26,London Brixton,Matthew Robinson,"Regular Hot chocolate - 2.20, Large Frappes - Strawberries & Cream - 3.25, Large Cappuccino - 2.45",7.90,CASH,
23/03/2021 18:28,London Brixton,Frank Klena,"Large Cappuccino - 2.45, Regular Smoothies - Glowing Greens - 2.00, Large Iced americano - 2.50, Regular Smoothies - Glowing Greens - 2.00",8.95,CARD,4923505222860881
23/03/2021 18:30,London Brixton,Kristin Cowles,"Regular Cappuccino - 2.15, Large Cappuccino - 2.45, Regular Hot chocolate - 2.20, Large Cappuccino - 2.45",9.25,CARD,5409215122561440
23/03/2021 18:32,London Brixton,Melvin Devera,"Large Speciality Tea - Earl Grey - 1.60, Large Cappuccino - 2.45, Regular Smoothies - Carrot Kick - 2.00, Regular Smoothies - Glowing Greens - 2.00, Regular Cappuccino - 2.15",10.20,CARD,1201001410222910
23/03/2021 18:34,London Brixton,Derek Hart,"Large Hot chocolate - 2.90, Regular Iced americano - 2.15, Regular Speciality Tea - Earl Grey - 1.30",6.35,CARD,8803938566175714
23/03/2021 18:36,London Brixton,Darlene Moore,"Large Frappes - Strawberries & Cream - 3.25, Large Smoothies - Glowing Greens - 2.50",5.75,CARD,3310881763784895
23/03/2021 18:39,London Brixton,Johnny Ayala,Regular Smoothies - Glowing Greens - 2.00,2.00,CARD,5011699728585003
23/03/2021 18:41,London Brixton,Joan Quirarte,"Large Smoothies - Glowing Greens - 2.50, Large Frappes - Strawberries & Cream - 3.25, Large Smoothies - Carrot Kick - 2.50",8.25,CASH,
23/03/2021 18:43,London Brixton,Linda Reasoner,"Large Speciality Tea - Earl Grey - 1.60, Large Hot chocolate - 2.90, Large Smoothies - Carrot Kick - 2.50, Large Smoothies - Glowing Greens - 2.50, Large Hot chocolate - 2.90",12.40,CARD,3426581339335876
23/03/2021 18:45,London Brixton,Patricia Phillips,Regular Cappuccino - 2.15,2.15,CARD,4969530520404868
23/03/2021 18:47,London Brixton,Duane Pilkington,"Regular Speciality Tea - Earl Grey - 1.30, Large Smoothies - Glowing Greens - 2.50, Large Hot chocolate - 2.90",6.70,CARD,7489490441093569
23/03/2021 18:49,London Brixton,Sherry Holcomb,"Regular Hot chocolate - 2.20, Regular Frappes - Strawberries & Cream - 2.75, Large Frappes - Strawberries & Cream - 3.25",8.20,CASH,
23/03/2021 18:51,London Brixton,Michael Smith,"Large Cappuccino - 2.45, Large Cappuccino - 2.45, Large Espresso - 1.80, Large Hot chocolate - 2.90, Regular Cappuccino - 2.15, Large Cappuccino - 2.45",14.20,CARD,1631568790459717
23/03/2021 18:53,London Brixton,Annie Brandt,"Regular Iced americano - 2.15, Regular Speciality Tea - Earl Grey - 1.30, Large Espresso - 1.80",5.25,CASH,
23/03/2021 18:56,London Brixton,Tammie Bonilla,"Large Iced americano - 2.50, Regular Frappes - Strawberries & Cream - 2.75",5.25,CARD,3775333408529829
23/03/2021 18:58,London Brixton,Emma Schwartz,Regular Smoothies - Carrot Kick - 2.00,2.00,CARD,7364672274579003
23/03/2021 19:00,London Brixton,Emma Cardwell,"Regular Hot chocolate - 2.20, Regular Smoothies - Glowing Greens - 2.00",4.20,CASH,
23/03/2021 19:01,London Brixton,James Mcmurry,"Large Iced americano - 2.50, Regular Frappes - Strawberries & Cream - 2.75",5.25,CARD,2671264755412750
23/03/2021 19:03,London Brixton,Gary Griffin,Regular Cappuccino - 2.15,2.15,CARD,7608510173481733
23/03/2021 19:04,London Brixton,Anthony Woodson,"Regular Espresso - 1.50, Regular Cappuccino - 2.15, Large Cappuccino - 2.45",6.10,CASH,
23/03/2021 19:05,London Brixton,Sarah Bowers,"Large Smoothies - Carrot Kick - 2.50, Regular Speciality Tea - Earl Grey - 1.30",3.80,CARD,7608520551782817
23/03/2021 19:07,London Brixton,Pablo Walters,"Large Smoothies - Glowing Greens - 2.50, Regular Smoothies - Glowing Greens - 2.00",4.50,CARD,2223052997236285
23/03/2021 19:08,London Brixton,Jaime Kyle,Regular Speciality Tea - Earl Grey - 1.30,1.30,CARD,6615374024479345
23/03/2021 19:09,London Brixton,Anthony Ayala,"Regular Speciality Tea - Earl Grey - 1.30, Regular Hot chocolate - 2.20, Large Smoothies - Glowing Greens - 2.50, Large Smoothies - Glowing Greens - 2.50, Large Frappes - Strawberries & Cream - 3.25, Regular Hot chocolate - 2.20",13.95,CARD,3744488430322033
23/03/2021 19:11,London Brixton,Francisca Stewart,"Large Smoothies - Carrot Kick - 2.50, Large Iced americano - 2.50, Regular Espresso - 1.50",6.50,CARD,9444951146439418
23/03/2021 19:12,London Brixton,Kirk Dewitt,Large Hot chocolate - 2.90,2.90,CARD,6236257859522574
23/03/2021 19:13,London Brixton,Evelyn Casler,"Regular Speciality Tea - Earl Grey - 1.30, Large Speciality Tea - Earl Grey - 1.60, Large Speciality Tea - Earl Grey - 1.60, Regular Hot chocolate - 2.20, Large Iced americano - 2.50, Large Hot chocolate - 2.90",12.10,CARD,4575704363834256
23/03/2021 19:15,London Brixton,Donald Wagoner,"Regular Iced americano - 2.15, Regular Smoothies - Carrot Kick - 2.00",4.15,CARD,2416555506882116
23/03/2021 19:16,London Brixton,Edward Emanuele,Regular Espresso - 1.50,1.50,CASH,
23/03/2021 19:17,London Brixton,Steven Rodgers,"Large Smoothies - Glowing Greens - 2.50, Regular Frappes - Strawberries & Cream - 2.75, Large Speciality Tea - Earl Grey - 1.60, Large Frappes - Strawberries & Cream - 3.25",10.10,CASH,
23/03/2021 19:19,London Brixton,Hettie Fleming,"Regular Smoothies - Glowing Greens - 2.00, Large Iced americano - 2.50, Regular Smoothies - Glowing Greens - 2.00",6.50,CARD,9183108401010891
23/03/2021 19:20,London Brixton,Emmett Duffey,"Large Iced americano - 2.50, Large Speciality Tea - Earl Grey - 1.60, Regular Frappes - Strawberries & Cream - 2.75, Regular Smoothies - Carrot Kick - 2.00, Regular Cappuccino - 2.15",11.00,CARD,2581068149646417
23/03/2021 19:22,London Brixton,Joseph Kight,"Regular Speciality Tea - Earl Grey - 1.30, Large Frappes - Strawberries & Cream - 3.25, Regular Espresso - 1.50, Large Smoothies - Glowing Greens - 2.50, Regular Iced americano - 2.15, Large Smoothies - Glowing Greens - 2.50",13.20,CARD,7395423123648462
23/03/2021 19:23,London Brixton,Michael Pirtle,"Large Smoothies - Carrot Kick - 2.50, Regular Speciality Tea - Earl Grey - 1.30",3.80,CARD,6966535624719913
23/03/2021 19:24,London Brixton,Jewell Miller,"Regular Hot chocolate - 2.20, Regular Iced americano - 2.15, Regular Smoothies - Glowing Greens - 2.00, Regular Cappuccino - 2.15",8.50,CASH,
23/03/2021 19:26,London Brixton,Neva Coker,"Large Hot chocolate - 2.90, Regular Cappuccino - 2.15, Large Smoothies - Carrot Kick - 2.50",7.55,CARD,2929309526222343
23/03/2021 19:27,London Brixton,Rachel Sullivan,"Regular Frappes - Strawberries & Cream - 2.75, Regular Cappuccino - 2.15, Large Cappuccino - 2.45, Regular Speciality Tea - Earl Grey - 1.30, Large Hot chocolate - 2.90, Regular Speciality Tea - Earl Grey - 1.30",12.85,CARD,8793405927136440
23/03/2021 19:28,London Brixton,Edward Brown,"Regular Iced americano - 2.15, Regular Speciality Tea - Earl Grey - 1.30",3.45,CARD,3308497150680150
23/03/2021 19:30,London Brixton,Charles Jenkins,"Regular Hot chocolate - 2.20, Large Smoothies - Glowing Greens - 2.50",4.70,CARD,9325504189759598
23/03/2021 19:31,London Brixton,Scott Orsborn,Regular Speciality Tea - Earl Grey - 1.30,1.30,CASH,
23/03/2021 19:32,London Brixton,Genevieve Jennings,"Large Espresso - 1.80, Regular Smoothies - Glowing Greens - 2.00",3.80,CASH,
23/03/2021 19:34,London Brixton,Esther Mccrea,"Regular Espresso - 1.50, Regular Frappes - Strawberries & Cream - 2.75, Regular Speciality Tea - Earl Grey - 1.30, Regular Smoothies - Carrot Kick - 2.00",7.55,CARD,5443630738898883
23/03/2021 19:35,London Brixton,Andrew Rechtzigel,"Large Iced americano - 2.50, Large Iced americano - 2.50",5.00,CASH,
23/03/2021 19:36,London Brixton,Cherry Cook,Large Espresso - 1.80,1.80,CASH,
23/03/2021 19:38,London Brixton,Johnnie Underwood,"Regular Speciality Tea - Earl Grey - 1.30, Regular Speciality Tea - Earl Grey - 1.30, Regular Smoothies - Carrot Kick - 2.00",4.60,CASH,
23/03/2021 19:39,London Brixton,Carl Jones,"Regular Smoothies - Carrot Kick - 2.00, Large Frappes - Strawberries & Cream - 3.25, Large Cappuccino - 2.45, Regular Cappuccino - 2.15, Regular Frappes - Strawberries & Cream - 2.75",12.60,CASH,
23/03/2021 19:40,London Brixton,Ramon Taggert,"Regular Espresso - 1.50, Regular Frappes - Strawberries & Cream - 2.75, Regular Smoothies - Glowing Greens - 2.00, Large Smoothies - Glowing Greens - 2.50, Large Speciality Tea - Earl Grey - 1.60",10.35,CARD,1722144871483114
23/03/2021 19:42,London Brixton,Gregory Scott,"Regular Frappes - Strawberries & Cream - 2.75, Regular Speciality Tea - Earl Grey - 1.30, Regular Smoothies - Glowing Greens - 2.00",6.05,CASH,
23/03/2021 19:43,London Brixton,Freddie Tabisula,"Regular Cappuccino - 2.15, Regular Smoothies - Carrot Kick - 2.00, Large Smoothies - Glowing Greens - 2.50, Regular Hot chocolate - 2.20, Large Espresso - 1.80",10.65,CARD,1224007108346024
23/03/2021 19:44,London Brixton,Kimberly Grogan,"Regular Smoothies - Glowing Greens - 2.00, Large Smoothies - Carrot Kick - 2.50, Large Smoothies - Carrot Kick - 2.50, Large Speciality Tea - Earl Grey - 1.60, Regular Speciality Tea - Earl Grey - 1.30, Regular Cappuccino - 2.15",12.05,CARD,3673262046071737
23/03/2021 19:46,London Brixton,Dennis Ortega,"Large Speciality Tea - Earl Grey - 1.60, Large Espresso - 1.80, Large Espresso - 1.80, Large Espresso - 1.80",7.00,CARD,7354505595953134
23/03/2021 19:47,London Brixton,Kevin Tyler,"Large Smoothies - Carrot Kick - 2.50, Regular Speciality Tea - Earl Grey - 1.30, Large Speciality Tea - Earl Grey - 1.60, Regular Smoothies - Glowing Greens - 2.00, Large Iced americano - 2.50",9.90,CARD,3826165021388747
23/03/2021 19:49,London Brixton,John Harrison,"Regular Espresso - 1.50, Large Espresso - 1.80, Large Iced americano - 2.50",5.80,CARD,7774269444446281
23/03/2021 19:50,London Brixton,Amanda Marcus,Large Smoothies - Glowing Greens - 2.50,2.50,CARD,7309786164820221
23/03/2021 19:51,London Brixton,William Woods,"Regular Espresso - 1.50, Large Frappes - Strawberries & Cream - 3.25",4.75,CARD,2879065579209040
23/03/2021 19:53,London Brixton,Grace Shannon,"Large Smoothies - Carrot Kick - 2.50, Regular Espresso - 1.50, Large Espresso - 1.80",5.80,CARD,3464064026265564
23/03/2021 19:54,London Brixton,Thomas Silva,"Large Smoothies - Glowing Greens - 2.50, Regular Frappes - Strawberries & Cream - 2.75",5.25,CARD,2740031837530388
23/03/2021 19:55,London Brixton,Joseph Wilson,"Regular Iced americano - 2.15, Large Cappuccino - 2.45",4.60,CASH,
23/03/2021 19:57,London Brixton,Adolph Morita,"Regular Iced americano - 2.15, Regular Speciality Tea - Earl Grey - 1.30, Large Frappes - Strawberries & Cream - 3.25, Regular Espresso - 1.50, Large Iced americano - 2.50",10.70,CASH,
23/03/2021 19:58,London Brixton,Tracey Kuns,Large Speciality Tea - Earl Grey - 1.60,1.60,CARD,9738392250239828
23/03/2021 19:59,London Brixton,Arielle Surrett,Regular Frappes - Strawberries & Cream - 2.75,2.75,CARD,8131290883218680
23/03/2021 20:01,London Brixton,Carley Campas,"Regular Espresso - 1.50, Regular Hot chocolate - 2.20, Regular Frappes - Strawberries & Cream - 2.75",6.45,CASH,
23/03/2021 20:03,London Brixton,Myrtle Harris,"Regular Smoothies - Carrot Kick - 2.00, Large Iced americano - 2.50, Large Cappuccino - 2.45, Large Cappuccino - 2.45, Regular Smoothies - Carrot Kick - 2.00",11.40,CARD,8056109536686509
23/03/2021 20:05,London Brixton,Mario Earley,"Regular Smoothies - Carrot Kick - 2.00, Large Iced americano - 2.50",4.50,CARD,2489862498886055
23/03/2021 20:08,London Brixton,Christopher Johnson,"Regular Speciality Tea - Earl Grey - 1.30, Regular Smoothies - Glowing Greens - 2.00",3.30,CARD,4608620901024270
23/03/2021 20:10,London Brixton,Richard Baker,"Regular Iced americano - 2.15, Large Cappuccino - 2.45, Large Cappuccino - 2.45, Regular Cappuccino - 2.15",9.20,CARD,8500454976532352
23/03/2021 20:13,London Brixton,Richard Fields,"Large Espresso - 1.80, Large Smoothies - Glowing Greens - 2.50, Regular Cappuccino - 2.15, Regular Smoothies - Carrot Kick - 2.00, Large Espresso - 1.80",10.25,CARD,9888549318941242
23/03/2021 20:15,London Brixton,Lyle Kitchel,"Large Smoothies - Glowing Greens - 2.50, Regular Cappuccino - 2.15, Regular Speciality Tea - Earl Grey - 1.30",5.95,CARD,8073665401598622
23/03/2021 20:17,London Brixton,August Jackson,"Large Frappes - Strawberries & Cream - 3.25, Regular Smoothies - Carrot Kick - 2.00, Regular Speciality Tea - Earl Grey - 1.30, Regular Iced americano - 2.15",8.70,CARD,5908523378386383
23/03/2021 20:20,London Brixton,Tanya Valentine,"Regular Iced americano - 2.15, Regular Iced americano - 2.15, Large Smoothies - Glowing Greens - 2.50",6.80,CARD,6249045974638698
23/03/2021 20:22,London Brixton,Rachel Mudd,"Regular Smoothies - Glowing Greens - 2.00, Regular Hot chocolate - 2.20, Large Smoothies - Glowing Greens - 2.50, Large Speciality Tea - Earl Grey - 1.60",8.30,CARD,5329016983745417
23/03/2021 20:25,London Brixton,Samantha Grubb,"Large Speciality Tea - Earl Grey - 1.60, Regular Espresso - 1.50, Regular Cappuccino - 2.15, Regular Iced americano - 2.15, Regular Cappuccino - 2.15",9.55,CARD,6707326157786492
23/03/2021 20:27,London Brixton,Kathy Kamiya,"Large Frappes - Strawberries & Cream - 3.25, Regular Cappuccino - 2.15, Regular Smoothies - Carrot Kick - 2.00, Large Hot chocolate - 2.90",10.30,CARD,6426355648546311
23/03/2021 20:29,London Brixton,Dave Spencer,"Large Iced americano - 2.50, Regular Smoothies - Glowing Greens - 2.00, Large Smoothies - Carrot Kick - 2.50",7.00,CASH,
23/03/2021 20:32,London Brixton,Stephanie Roe,"Regular Smoothies - Glowing Greens - 2.00, Large Speciality Tea - Earl Grey - 1.60, Large Smoothies - Glowing Greens - 2.50, Large Speciality Tea - Earl Grey - 1.60",7.70,CARD,3562778014159715
23/03/2021 20:34,London Brixton,Benjamin Brace,"Regular Iced americano - 2.15, Large Smoothies - Glowing Greens - 2.50, Large Iced americano - 2.50",7.15,CASH,
23/03/2021 20:37,London Brixton,Robert Wright,"Regular Iced americano - 2.15, Regular Smoothies - Glowing Greens - 2.00, Large Frappes - Strawberries & Cream - 3.25",7.40,CASH,
23/03/2021 20:39,London Brixton,Nellie Troutman,"Large Iced americano - 2.50, Regular Smoothies - Glowing Greens - 2.00, Regular Cappuccino - 2.15, Regular Speciality Tea - Earl Grey - 1.30, Regular Smoothies - Glowing Greens - 2.00",9.95,CARD,8929807925002975
23/03/2021 20:41,London Brixton,Sara Dutra,Large Iced americano - 2.50,2.50,CARD,4988436053896729
23/03/2021 20:44,London Brixton,Joshua Kretchmar,Large Espresso - 1.80,1.80,CARD,6261112192618618
23/03/2021 20:46,London Brixton,Robert Tucker,"Regular Smoothies - Glowing Greens - 2.00, Regular Speciality Tea - Earl Grey - 1.30, Large Speciality Tea - Earl Grey - 1.60",4.90,CARD,9433867304690138
23/03/2021 20:49,London Brixton,Amelia Dodd,"Large Iced americano - 2.50, Large Hot chocolate - 2.90",5.40,CASH,
23/03/2021 20:51,London Brixton,Jettie Ingram,Large Iced americano - 2.50,2.50,CASH,
23/03/2021 20:53,London Brixton,Samantha Schueler,Large Smoothies - Glowing Greens - 2.50,2.50,CARD,7133463877593769
23/03/2021 20:56,London Brixton,Rodney Mclaughlin,Large Cappuccino - 2.45,2.45,CARD,1642136201731014
23/03/2021 20:58,London Brixton,John Maner,"Regular Hot chocolate - 2.20, Large Smoothies - Glowing Greens - 2.50",4.70,CARD,4150449075702690
 