23/03/2021 09:00,London Camden,Elisa Napier,"Regular Flavoured hot chocolate - Hazelnut - 2.60, Large Chai latte - 2.60",5.20,CARD,8879505826133265
23/03/2021 09:02,London Camden,Berta Hawkins,Large Luxury hot chocolate - 2.70,2.70,CASH,
23/03/2021 09:05,London Camden,John Gonzalez,"Regular Luxury hot chocolate - 2.40, Large Flavoured hot chocolate - Vanilla - 2.90, Large Hot chocolate - 2.90",8.20,CARD,6268369005978865
23/03/2021 09:08,London Camden,Fredrick Pergola,"Large Flavoured latte - Vanilla - 2.85, Large Speciality Tea - Peppermint - 1.60, Regular Hot chocolate - 2.20, Large Flavoured hot chocolate - Hazelnut - 2.90",9.55,CARD,6250562700790859
23/03/2021 09:10,London Camden,Ben Rhein,"Large Chai latte - 2.60, Large Flavoured hot chocolate - Hazelnut - 2.90, Large Luxury hot chocolate - 2.70, Large Flavoured hot chocolate - Vanilla - 2.90, Regular Flavoured hot chocolate - Vanilla - 2.60, Large Speciality Tea - Peppermint - 1.60",15.30,CASH,
23/03/2021 09:13,London Camden,Keenan Delacruz,Large Luxury hot chocolate - 2.70,2.70,CASH,
23/03/2021 09:16,London Camden,Brian Turner,"Large Flavoured latte - Vanilla - 2.85, Large Flavoured hot chocolate - Hazelnut - 2.90, Regular Iced latte - 2.35, Regular Hot chocolate - 2.20, Regular Flavoured hot chocolate - Hazelnut - 2.60",12.90,CARD,7694780038643974
23/03/2021 09:19,London Camden,Adam Herz,"Large Flavoured hot chocolate - Hazelnut - 2.90, Regular Speciality Tea - Peppermint - 1.30, Regular Luxury hot chocolate - 2.40, Regular Chai latte - 2.30",8.90,CASH,
23/03/2021 09:21,London Camden,Luanne Spence,"Large Flavoured hot chocolate - Vanilla - 2.90, Large Luxury hot chocolate - 2.70, Large Flavoured hot chocolate - Vanilla - 2.90",8.50,CARD,9588857871918159
23/03/2021 09:24,London Camden,William Hallock,"Large Luxury hot chocolate - 2.70, Large Flavoured latte - Vanilla - 2.85, Regular Iced latte - 2.35, Large Iced latte - 2.85",10.75,CARD,3863625152738383
23/03/2021 09:27,London Camden,Daniel Clinton,"Regular Iced latte - 2.35, Large Flavoured latte - Vanilla - 2.85",5.20,CARD,3338065450097290
23/03/2021 09:29,London Camden,Gary Fields,"Large Flavoured latte - Vanilla - 2.85, Large Flavoured hot chocolate - Vanilla - 2.90",5.75,CARD,8651171886200888
23/03/2021 09:32,London Camden,Glenda Beebe,"Regular Hot chocolate - 2.20, Large Speciality Tea - Peppermint - 1.60, Large Hot chocolate - 2.90",6.70,CARD,5080362551039872
23/03/2021 09:35,London Camden,Paul Valentine,"Large Hot chocolate - 2.90, Large Hot chocolate - 2.90, Large Flavoured hot chocolate - Hazelnut - 2.90, Large Speciality Tea - Peppermint - 1.60",10.30,CARD,9972421730500625
23/03/2021 09:38,London Camden,Keith Fryman,Large Flavoured latte - Vanilla - 2.85,2.85,CARD,2582421891199972
23/03/2021 09:40,London Camden,Daniel Carpenter,"Large Flavoured latte - Vanilla - 2.85, Regular Luxury hot chocolate - 2.40, Regular Flavoured hot chocolate - Hazelnut - 2.60, Regular Iced latte - 2.35, Large Flavoured hot chocolate - Vanilla - 2.90, Large Flavoured hot chocolate - Vanilla - 2.90",16.00,CARD,2552418243137602
23/03/2021 09:43,London Camden,Lura Parker,Regular Iced latte - 2.35,2.35,CASH,
23/03/2021 09:46,London Camden,Desiree Liberti,"Large Hot chocolate - 2.90, Regular Hot chocolate - 2.20, Regular Iced latte - 2.35",7.45,CASH,
23/03/2021 09:48,London Camden,Alice Tornow,"Large Flavoured hot chocolate - Hazelnut - 2.90, Large Speciality Tea - Peppermint - 1.60, Large Hot chocolate - 2.90, Regular Flavoured hot chocolate - Vanilla - 2.60",10.00,CARD,9332662492805123
23/03/2021 09:51,London Camden,Richard Arnold,"Large Iced latte - 2.85, Regular Flavoured hot chocolate - Hazelnut - 2.60, Regular Iced latte - 2.35, Regular Speciality Tea - Peppermint - 1.30, Regular Flavoured latte - Vanilla - 2.55",11.65,CARD,2798896347272510
23/03/2021 09:54,London Camden,Heather Goard,"Regular Luxury hot chocolate - 2.40, Regular Speciality Tea - Peppermint - 1.30, Regular Flavoured latte - Vanilla - 2.55, Regular Speciality Tea - Peppermint - 1.30",7.55,CASH,
23/03/2021 09:57,London Camden,Leticia Malton,"Large Speciality Tea - Peppermint - 1.60, Regular Iced latte - 2.35, Large Speciality Tea - Peppermint - 1.60, Regular Flavoured hot chocolate - Vanilla - 2.60, Large Iced latte - 2.85, Regular Flavoured hot chocolate - Vanilla - 2.60",13.60,CARD,6708672202558511
23/03/2021 09:59,London Camden,Nicole Williams,Large Luxury hot chocolate - 2.70,2.70,CARD,3971321854146111
23/03/2021 10:02,London Camden,Judy Glover,"Regular Flavoured latte - Vanilla - 2.55, Regular Flavoured latte - Vanilla - 2.55, Large Flavoured latte - Vanilla - 2.85",7.95,CARD,7319559727529945
23/03/2021 10:04,London Camden,Margarita Price,Regular Chai latte - 2.30,2.30,CARD,4991122800910019
23/03/2021 10:06,London Camden,Katherine Thornhill,Regular Flavoured hot chocolate - Vanilla - 2.60,2.60,CASH,
23/03/2021 10:09,London Camden,Jeannetta Johnson,"Regular Chai latte - 2.30, Large Speciality Tea - Peppermint - 1.60",3.90,CARD,7885583575466630
23/03/2021 10:11,London Camden,Justin Oates,Large Hot chocolate - 2.90,2.90,CASH,
23/03/2021 10:13,London Camden,Thelma Werre,"Large Flavoured hot chocolate - Hazelnut - 2.90, Large Iced latte - 2.85, Large Iced latte - 2.85",8.60,CARD,2519576829992951
23/03/2021 10:15,London Camden,Carrie Shows,"Regular Chai latte - 2.30, Large Hot chocolate - 2.90, Regular Flavoured hot chocolate - Hazelnut - 2.60, Regular Flavoured hot chocolate - Hazelnut - 2.60, Large Flavoured latte - Vanilla - 2.85",13.25,CARD,6449817532876295
23/03/2021 10:18,London Camden,David Steen,Regular Flavoured latte - Vanilla - 2.55,2.55,CARD,4340196239254865
23/03/2021 10:20,London Camden,Sheldon Khan,Regular Flavoured hot chocolate - Vanilla - 2.60,2.60,CARD,1866929275205171
23/03/2021 10:22,London Camden,Jason Guajardo,Large Iced latte - 2.85,2.85,CARD,5433545357156078
23/03/2021 10:24,London Camden,Tiffany Reyes,"Regular Speciality Tea - Peppermint - 1.30, Large Flavoured latte - Vanilla - 2.85",4.15,CASH,
23/03/2021 10:26,London Camden,Frances Nugent,"Regular Flavoured hot chocolate - Hazelnut - 2.60, Large Speciality Tea - Peppermint - 1.60, Large Flavoured hot chocolate - Hazelnut - 2.90, Large Flavoured hot chocolate - Vanilla - 2.90",10.00,CASH,
23/03/2021 10:29,London Camden,Mattie Rozier,Regular Flavoured latte - Vanilla - 2.55,2.55,CASH,
23/03/2021 10:31,London Camden,Tina Reeves,"Regular Chai latte - 2.30, Large Hot chocolate - 2.90, Large Iced latte - 2.85, Large Hot chocolate - 2.90, Large Flavoured hot chocolate - Hazelnut - 2.90",13.85,CARD,5955662586854392
23/03/2021 10:33,London Camden,Darren Kowalski,"Regular Speciality Tea - Peppermint - 1.30, Regular Luxury hot chocolate - 2.40",3.70,CARD,2951134024814921
23/03/2021 10:35,London Camden,Robert Binkley,"Regular Iced latte - 2.35, Regular Iced latte - 2.35",4.70,CASH,
23/03/2021 10:37,London Camden,Michael Wayman,Regular Chai latte - 2.30,2.30,CARD,6358542978656418
23/03/2021 10:40,London Camden,Yoshiko Lilly,Regular Iced latte - 2.35,2.35,CASH,
23/03/2021 10:42,London Camden,Willie Hendricks,"Regular Flavoured hot chocolate - Vanilla - 2.60, Regular Chai latte - 2.30",4.90,CASH,
23/03/2021 10:44,London Camden,Alvin Phillips,Regular Flavoured hot chocolate - Vanilla - 2.60,2.60,CASH,
23/03/2021 10:46,London Camden,Carmen Crouch,"Large Chai latte - 2.60, Regular Speciality Tea - Peppermint - 1.30",3.90,CARD,3194901821822123
23/03/2021 10:49,London Camden,Anthony Howk,"Regular Iced latte - 2.35, Regular Flavoured hot chocolate - Vanilla - 2.60, Large Chai latte - 2.60, Regular Flavoured hot chocolate - Vanilla - 2.60",10.15,CASH,
23/03/2021 10:51,London Camden,Phillip Sneed,"Large Luxury hot chocolate - 2.70, Regular Luxury hot chocolate - 2.40, Regular Iced latte - 2.35",7.45,CARD,9301406344361990
23/03/2021 10:53,London Camden,Steve Berger,"Large Flavoured hot chocolate - Vanilla - 2.90, Regular Speciality Tea - Peppermint - 1.30, Regular Speciality Tea - Peppermint - 1.30, Large Chai latte - 2.60",8.10,CARD,4424393788544998
23/03/2021 10:55,London Camden,Randy Faulk,"Regular Speciality Tea - Peppermint - 1.30, Regular Flavoured hot chocolate - Vanilla - 2.60, Regular Chai latte - 2.30, Large Hot chocolate - 2.90, Regular Luxury hot chocolate - 2.40",11.50,CARD,8114677330075587
23/03/2021 10:57,London Camden,Reginald Cortez,"Large Speciality Tea - Peppermint - 1.60, Regular Hot chocolate - 2.20",3.80,CARD,3910205766775751
23/03/2021 11:00,London Camden,Aileen Paiz,"Large Speciality Tea - Peppermint - 1.60, Regular Flavoured hot chocolate - Hazelnut - 2.60, Large Iced latte - 2.85",7.05,CARD,5899790344926276
23/03/2021 11:02,London Camden,Wallace Krick,Regular Flavoured hot chocolate - Hazelnut - 2.60,2.60,CARD,4609572527227451
23/03/2021 11:05,London Camden,Lawrence Neira,Large Flavoured hot chocolate - Vanilla - 2.90,2.90,CARD,8910985738366219
23/03/2021 11:07,London Camden,Sandra Whitesell,"Regular Luxury hot chocolate - 2.40, Large Iced latte - 2.85, Large Speciality Tea - Peppermint - 1.60, Large Flavoured latte - Vanilla - 2.85, Regular Flavoured hot chocolate - Hazelnut - 2.60, Regular Hot chocolate - 2.20",14.50,CASH,
23/03/2021 11:10,London Camden,Eugene Evans,"Regular Speciality Tea - Peppermint - 1.30, Regular Hot chocolate - 2.20, Large Flavoured hot chocolate - Vanilla - 2.90, Large Luxury hot chocolate - 2.70",9.10,CARD,3968347994133774
23/03/2021 11:12,London Camden,Marilyn Lopez,"Large Iced latte - 2.85, Large Luxury hot chocolate - 2.70, Large Flavoured latte - Vanilla - 2.85",8.40,CASH,
23/03/2021 11:15,London Camden,Michelle Plymel,Regular Luxury hot chocolate - 2.40,2.40,CARD,8870388320418629
23/03/2021 11:17,London Camden,Douglas Mitchell,"Regular Flavoured latte - Vanilla - 2.55, Large Speciality Tea - Peppermint - 1.60",4.15,CARD,8575914833024062
23/03/2021 11:20,London Camden,Derrick Mulroy,Regular Flavoured latte - Vanilla - 2.55,2.55,CARD,4132816628643223
23/03/2021 11:22,London Camden,Desiree Bankston,"Large Iced latte - 2.85, Regular Luxury hot chocolate - 2.40, Large Iced latte - 2.85, Large Flavoured hot chocolate - Hazelnut - 2.90, Large Flavoured latte - Vanilla - 2.85",13.85,CARD,3995710201374830
23/03/2021 11:25,London Camden,Margaret Carr,"Large Iced latte - 2.85, Regular Flavoured hot chocolate - Vanilla - 2.60, Regular Flavoured hot chocolate - Hazelnut - 2.60",8.05,CARD,5365627140154682
23/03/2021 11:27,London Camden,Annie Kallas,"Large Chai latte - 2.60, Large Chai latte - 2.60",5.20,CASH,
23/03/2021 11:30,London Camden,Tania Vigo,Large Hot chocolate - 2.90,2.90,CARD,6077764105949933
23/03/2021 11:32,London Camden,Donald Griffin,"Large Flavoured hot chocolate - Hazelnut - 2.90, Large Flavoured hot chocolate - Vanilla - 2.90, Regular Iced latte - 2.35",8.15,CASH,
23/03/2021 11:35,London Camden,Lori Davis,"Large Hot chocolate - 2.90, Regular Speciality Tea - Peppermint - 1.30",4.20,CASH,
23/03/2021 11:37,London Camden,Joseph Mattione,"Large Flavoured latte - Vanilla - 2.85, Large Flavoured latte - Vanilla - 2.85, Regular Hot chocolate - 2.20, Regular Iced latte - 2.35",10.25,CARD,5588328099556155
23/03/2021 11:40,London Camden,Ella Howard,"Regular Flavoured hot chocolate - Vanilla - 2.60, Regular Luxury hot chocolate - 2.40",5.00,CASH,
23/03/2021 11:42,London Camden,Brianna Pratt,"Large Flavoured hot chocolate - Hazelnut - 2.90, Regular Flavoured hot chocolate - Vanilla - 2.60",5.50,CARD,6766407131541652
23/03/2021 11:45,London Camden,Janet Dean,"Large Flavoured latte - Vanilla - 2.85, Regular Flavoured hot chocolate - Hazelnut - 2.60",5.45,CASH,
23/03/2021 11:47,London Camden,Paul Dancy,"Large Speciality Tea - Peppermint - 1.60, Regular Speciality Tea - Peppermint - 1.30, Large Luxury hot chocolate - 2.70",5.60,CARD,4828165598150070
23/03/2021 11:50,London Camden,Jeffrey Taylor,"Regular Flavoured hot chocolate - Hazelnut - 2.60, Regular Flavoured hot chocolate - Hazelnut - 2.60",5.20,CARD,3457573722237432
23/03/2021 11:52,London Camden,Kevin Boone,Large Iced latte - 2.85,2.85,CARD,7663028850658449
23/03/2021 11:55,London Camden,Kenneth Macvane,"Regular Luxury hot chocolate - 2.40, Large Flavoured latte - Vanilla - 2.85",5.25,CARD,2972504807940588
23/03/2021 11:57,London Camden,Jamar Coty,"Large Flavoured hot chocolate - Vanilla - 2.90, Regular Speciality Tea - Peppermint - 1.30, Regular Chai latte - 2.30, Large Speciality Tea - Peppermint - 1.60",8.10,CARD,9653568986418985
23/03/2021 12:00,London Camden,Diane Bento,"Regular Flavoured hot chocolate - Vanilla - 2.60, Large Iced latte - 2.85",5.45,CARD,4040863441775391
23/03/2021 12:02,London Camden,Mireille Jones,Large Speciality Tea - Peppermint - 1.60,1.60,CASH,
23/03/2021 12:03,London Camden,Jon Thompson,"Large Chai latte - 2.60, Large Flavoured hot chocolate - Vanilla - 2.90, Large Hot chocolate - 2.90",8.40,CARD,7769850536357885
23/03/2021 12:05,London Camden,Jose Foy,"Large Chai latte - 2.60, Regular Hot chocolate - 2.20",4.80,CASH,
23/03/2021 12:07,London Camden,August Richer,Large Flavoured latte - Vanilla - 2.85,2.85,CARD,8866167100947493
23/03/2021 12:09,London Camden,Christina Kidd,Regular Chai latte - 2.30,2.30,CARD,9176523974775661
23/03/2021 12:11,London Camden,Melanie Capp,"Regular Flavoured latte - Vanilla - 2.55, Regular Speciality Tea - Peppermint - 1.30, Large Flavoured hot chocolate - Vanilla - 2.90",6.75,CARD,5187922915817831
23/03/2021 12:13,London Camden,Erik Paul,Large Flavoured hot chocolate - Vanilla - 2.90,2.90,CARD,3527402014973751
23/03/2021 12:15,London Camden,Carolina Bennett,Large Iced latte - 2.85,2.85,CARD,1246860685324618
23/03/2021 12:17,London Camden,Raymond Garman,"Regular Flavoured hot chocolate - Hazelnut - 2.60, Regular Chai latte - 2.30, Large Flavoured hot chocolate - Vanilla - 2.90",7.80,CASH,
23/03/2021 12:19,London Camden,Thomas Hunsaker,"Regular Speciality Tea - Peppermint - 1.30, Large Hot chocolate - 2.90, Large Speciality Tea - Peppermint - 1.60",5.80,CASH,
23/03/2021 12:21,London Camden,Mary Friscia,"Regular Hot chocolate - 2.20, Large Luxury hot chocolate - 2.70",4.90,CASH,
23/03/2021 12:23,London Camden,Elizabeth Davis,"Large Iced latte - 2.85, Regular Iced latte - 2.35, Regular Speciality Tea - Peppermint - 1.30, Large Luxury hot chocolate - 2.70, Regular Speciality Tea - Peppermint - 1.30",10.50,CARD,8508932154199695
23/03/2021 12:25,London Camden,Sergio Risley,"Large Chai latte - 2.60, Regular Hot chocolate - 2.20, Regular Hot chocolate - 2.20",7.00,CARD,5998843190886247
23/03/2021 12:27,London Camden,Michael Kane,"Regular Speciality Tea - Peppermint - 1.30, Large Speciality Tea - Peppermint - 1.60",2.90,CARD,6735985839803312
23/03/2021 12:29,London Camden,Jason Dates,Regular Luxury hot chocolate - 2.40,2.40,CARD,3486089572661055
23/03/2021 12:31,London Camden,Chelsea Heron,"Regular Flavoured hot chocolate - Hazelnut - 2.60, Regular Luxury hot chocolate - 2.40",5.00,CASH,
23/03/2021 12:32,London Camden,John Azen,Large Flavoured hot chocolate - Hazelnut - 2.90,2.90,CASH,
23/03/2021 12:34,London Camden,Frank Applebury,"Large Speciality Tea - Peppermint - 1.60, Regular Flavoured hot chocolate - Hazelnut - 2.60",4.20,CARD,5100028434282686
23/03/2021 12:36,London Camden,Samantha King,"Regular Flavoured latte - Vanilla - 2.55, Large Iced latte - 2.85",5.40,CARD,4279180201101788
23/03/2021 12:38,London Camden,Evelyn Hernandez,"Regular Hot chocolate - 2.20, Large Speciality Tea - Peppermint - 1.60, Large Flavoured hot chocolate - Vanilla - 2.90, Regular Luxury hot chocolate - 2.40",9.10,CASH,
23/03/2021 12:40,London Camden,Vivienne Bailey,"Large Luxury hot chocolate - 2.70, Regular Iced latte - 2.35, Regular Iced latte - 2.35",7.40,CARD,1215143522951187
23/03/2021 12:42,London Camden,Dorothy Pietrafesa,"Large Flavoured latte - Vanilla - 2.85, Regular Speciality Tea - Peppermint - 1.30, Large Flavoured latte - Vanilla - 2.85, Large Speciality Tea - Peppermint - 1.60",8.60,CARD,9086665301243916
23/03/2021 12:44,London Camden,Philip Modesto,"Large Hot chocolate - 2.90, Regular Chai latte - 2.30, Regular Flavoured hot chocolate - Hazelnut - 2.60",7.80,CARD,7242625794158210
23/03/2021 12:46,London Camden,Carolyn Russell,Large Hot chocolate - 2.90,2.90,CARD,6770791374631981
23/03/2021 12:48,London Camden,Thomas Hale,"Regular Hot chocolate - 2.20, Large Iced latte - 2.85, Large Flavoured latte - Vanilla - 2.85, Regular Chai latte - 2.30",10.20,CASH,
23/03/2021 12:50,London Camden,Dustin Lawson,"Large Speciality Tea - Peppermint - 1.60, Regular Speciality Tea - Peppermint - 1.30, Regular Flavoured hot chocolate - Hazelnut - 2.60",5.50,CARD,7368525355969048
23/03/2021 12:52,London Camden,Randolph Williams,"Regular Flavoured hot chocolate - Vanilla - 2.60, Regular Flavoured hot chocolate - Hazelnut - 2.60, Regular Flavoured hot chocolate - Vanilla - 2.60",7.80,CARD,2787587382967085
23/03/2021 12:54,London Camden,Linda Cox,"Large Flavoured latte - Vanilla - 2.85, Regular Flavoured latte - Vanilla - 2.55, Large Chai latte - 2.60",8.00,CASH,
23/03/2021 12:56,London Camden,Julie Whitaker,"Large Speciality Tea - Peppermint - 1.60, Large Speciality Tea - Peppermint - 1.60",3.20,CASH,
23/03/2021 12:58,London Camden,William Boatner,"Large Flavoured latte - Vanilla - 2.85, Regular Luxury hot chocolate - 2.40, Large Iced latte - 2.85",8.10,CARD,2818199913055339
23/03/2021 13:00,London Camden,Clifton Wall,"Regular Chai latte - 2.30, Large Speciality Tea - Peppermint - 1.60, Large Flavoured latte - Vanilla - 2.85, Regular Flavoured hot chocolate - Hazelnut - 2.60",9.35,CASH,
23/03/2021 13:00,London Camden,Steven Garza,Large Iced latte - 2.85,2.85,CARD,9383455494395622
23/03/2021 13:01,London Camden,Ruth Littlefield,Large Iced latte - 2.85,2.85,CASH,
23/03/2021 13:02,London Camden,Gregory Manchester,"Regular Luxury hot chocolate - 2.40, Regular Hot chocolate - 2.20",4.60,CASH,
23/03/2021 13:03,London Camden,William Marquez,"Large Iced latte - 2.85, Regular Flavoured hot chocolate - Hazelnut - 2.60",5.45,CARD,7280594849067196
23/03/2021 13:04,London Camden,David Hamilton,Large Flavoured hot chocolate - Vanilla - 2.90,2.90,CARD,2763468888454547
23/03/2021 13:05,London Camden,Sharon Baskerville,"Large Speciality Tea - Peppermint - 1.60, Large Chai latte - 2.60",4.20,CASH,
23/03/2021 13:06,London Camden,Benjamin Volker,"Large Flavoured latte - Vanilla - 2.85, Regular Hot chocolate - 2.20",5.05,CARD,2471911204135875
23/03/2021 13:07,London Camden,Daniel Hipps,"Large Hot chocolate - 2.90, Large Flavoured hot chocolate - Hazelnut - 2.90",5.80,CARD,9595872673920162
23/03/2021 13:08,London Camden,Freda Broome,"Regular Luxury hot chocolate - 2.40, Regular Hot chocolate - 2.20, Regular Iced latte - 2.35",6.95,CARD,2079861467564098
23/03/2021 13:08,London Camden,Gloria Lawhorn,Regular Hot chocolate - 2.20,2.20,CARD,8893707349349841
23/03/2021 13:09,London Camden,Linda Rice,"Regular Speciality Tea - Peppermint - 1.30, Large Hot chocolate - 2.90, Large Hot chocolate - 2.90, Regular Flavoured latte - Vanilla - 2.55",9.65,CARD,2389377192862548
23/03/2021 13:10,London Camden,Iris Daniels,"Large Speciality Tea - Peppermint - 1.60, Regular Chai latte - 2.30, Large Speciality Tea - Peppermint - 1.60, Large Flavoured hot chocolate - Hazelnut - 2.90",8.40,CASH,
23/03/2021 13:11,London Camden,Donald Choate,Large Speciality Tea - Peppermint - 1.60,1.60,CARD,8600447568963954
23/03/2021 13:12,London Camden,Francis Arrington,"Regular Iced latte - 2.35, Regular Speciality Tea - Peppermint - 1.30",3.65,CARD,4360299389243630
23/03/2021 13:13,London Camden,Rosie Nye,Large Chai latte - 2.60,2.60,CARD,3115853347140929
23/03/2021 13:14,London Camden,Sallie Johnson,Regular Flavoured latte - Vanilla - 2.55,2.55,CARD,5050102213581646
23/03/2021 13:15,London Camden,Julie Folger,Large Iced latte - 2.85,2.85,CARD,9305923222923129
23/03/2021 13:15,London Camden,Ronda Montello,"Regular Speciality Tea - Peppermint - 1.30, Regular Luxury hot chocolate - 2.40, Large Speciality Tea - Peppermint - 1.60, Regular Speciality Tea - Peppermint - 1.30, Large Flavoured latte - Vanilla - 2.85",9.45,CARD,8612423448057902
23/03/2021 13:16,London Camden,Mona Balderrama,"Large Flavoured latte - Vanilla - 2.85, Regular Flavoured latte - Vanilla - 2.55, Large Flavoured latte - Vanilla - 2.85, Regular Iced latte - 2.35",10.60,CARD,3359056122923656
23/03/2021 13:17,London Camden,Jessica Payne,Regular Chai latte - 2.30,2.30,CARD,7159483831225723
23/03/2021 13:18,London Camden,Ann Rude,Large Iced latte - 2.85,2.85,CASH,
23/03/2021 13:19,London Camden,Michael Mckinney,Regular Flavoured latte - Vanilla - 2.55,2.55,CARD,2825340786986788
23/03/2021 13:20,London Camden,Teresa Anderson,Regular Iced latte - 2.35,2.35,CARD,2860004773521167
23/03/2021 13:21,London Camden,Kimberly Cornell,"Regular Speciality Tea - Peppermint - 1.30, Large Speciality Tea - Peppermint - 1.60, Large Flavoured latte - Vanilla - 2.85, Regular Flavoured latte - Vanilla - 2.55, Large Flavoured hot chocolate - Hazelnut - 2.90, Regular Flavoured latte - Vanilla - 2.55",13.75,CARD,3462501711431639
23/03/2021 13:22,London Camden,Jenae Olson,Regular Luxury hot chocolate - 2.40,2.40,CARD,8537129812007894
23/03/2021 13:23,London Camden,James Zaragoza,"Regular Speciality Tea - Peppermint - 1.30, Regular Flavoured hot chocolate - Hazelnut - 2.60",3.90,CARD,2324210503336041
23/03/2021 13:23,London Camden,Lori Calvin,"Large Iced latte - 2.85, Large Iced latte - 2.85, Regular Flavoured hot chocolate - Hazelnut - 2.60, Regular Flavoured hot chocolate - Vanilla - 2.60, Regular Flavoured latte - Vanilla - 2.55",13.45,CARD,5498886138934961
23/03/2021 13:24,London Camden,Dale Milton,"Large Chai latte - 2.60, Large Flavoured latte - Vanilla - 2.85",5.45,CARD,7903914949595058
23/03/2021 13:25,London Camden,Debora Rodriguez,"Large Chai latte - 2.60, Large Flavoured hot chocolate - Vanilla - 2.90",5.50,CARD,7800065720827174
23/03/2021 13:26,London Camden,Roberta Gray,"Large Luxury hot chocolate - 2.70, Regular Luxury hot chocolate - 2.40, Large Flavoured hot chocolate - Vanilla - 2.90, Regular Flavoured hot chocolate - Vanilla - 2.60",10.60,CARD,5276875291508498
23/03/2021 13:27,London Camden,Amanda Martin,"Large Hot chocolate - 2.90, Regular Flavoured latte - Vanilla - 2.55, Large Luxury hot chocolate - 2.70",8.15,CARD,2131104280558824
23/03/2021 13:28,London Camden,Dorothy Mendoza,"Regular Flavoured hot chocolate - Vanilla - 2.60, Regular Flavoured hot chocolate - Vanilla - 2.60",5.20,CASH,
23/03/2021 13:29,London Camden,Norma Roberts,Large Flavoured hot chocolate - Vanilla - 2.90,2.90,CASH,
23/03/2021 13:30,London Camden,Charles Simpson,"Large Luxury hot chocolate - 2.70, Large Luxury hot chocolate - 2.70",5.40,CARD,3578397088560975
23/03/2021 13:30,London Camden,Michelle Saunders,"Large Chai latte - 2.60, Regular Flavoured hot chocolate - Hazelnut - 2.60",5.20,CARD,2277044011637741
23/03/2021 13:31,London Camden,Michael Ferguson,"Large Flavoured latte - Vanilla - 2.85, Large Flavoured hot chocolate - Hazelnut - 2.90",5.75,CARD,1562989122691439
23/03/2021 13:32,London Camden,Kelly Dombeck,Regular Speciality Tea - Peppermint - 1.30,1.30,CARD,7853871299555677
23/03/2021 13:33,London Camden,Kendall Davis,"Regular Speciality Tea - Peppermint - 1.30, Large Flavoured latte - Vanilla - 2.85",4.15,CARD,5842771384451782
23/03/2021 13:34,London Camden,Edward Scheel,"Large Flavoured hot chocolate - Vanilla - 2.90, Regular Chai latte - 2.30",5.20,CARD,9391401145060040
23/03/2021 13:35,London Camden,David Hickman,"Regular Flavoured latte - Vanilla - 2.55, Regular Luxury hot chocolate - 2.40, Large Flavoured latte - Vanilla - 2.85, Large Iced latte - 2.85",10.65,CARD,5690868176878989
23/03/2021 13:36,London Camden,Annie Trujillo,"Large Speciality Tea - Peppermint - 1.60, Regular Flavoured hot chocolate - Hazelnut - 2.60, Regular Speciality Tea - Peppermint - 1.30, Large Flavoured latte - Vanilla - 2.85",8.35,CARD,6692032706225804
23/03/2021 13:37,London Camden,Orlando Otto,Large Iced latte - 2.85,2.85,CARD,8049730912965519
23/03/2021 13:38,London Camden,Ann Gunderson,"Regular Flavoured hot chocolate - Hazelnut - 2.60, Regular Iced latte - 2.35, Regular Hot chocolate - 2.20, Regular Hot chocolate - 2.20, Large Speciality Tea - Peppermint - 1.60",10.95,CARD,9048960855559197
23/03/2021 13:38,London Camden,Ken Peacock,"Regular Flavoured hot chocolate - Vanilla - 2.60, Regular Flavoured latte - Vanilla - 2.55, Large Flavoured hot chocolate - Hazelnut - 2.90, Regular Speciality Tea - Peppermint - 1.30",9.35,CASH,
23/03/2021 13:39,London Camden,Carolyn Back,"Large Hot chocolate - 2.90, Regular Flavoured hot chocolate - Hazelnut - 2.60",5.50,CASH,
23/03/2021 13:40,London Camden,Arthur Shih,Regular Iced latte - 2.35,2.35,CARD,8846963653764283
23/03/2021 13:41,London Camden,Shirley Hall,Regular Hot chocolate - 2.20,2.20,CARD,2510230531350948
23/03/2021 13:42,London Camden,Diana Dusseault,"Regular Flavoured hot chocolate - Vanilla - 2.60, Regular Flavoured hot chocolate - Vanilla - 2.60",5.20,CARD,2438224138733231
23/03/2021 13:43,London Camden,Christopher Dodd,"Large Speciality Tea - Peppermint - 1.60, Large Iced latte - 2.85, Large Luxury hot chocolate - 2.70",7.15,CARD,3014402857462007
23/03/2021 13:44,London Camden,Margaret Hodde,Large Flavoured hot chocolate - Hazelnut - 2.90,2.90,CARD,8218630651590842
23/03/2021 13:45,London Camden,Fred Wilson,"Regular Flavoured hot chocolate - Hazelnut - 2.60, Regular Flavoured hot chocolate - Vanilla - 2.60, Regular Iced latte - 2.35",7.55,CARD,4470774465472541
23/03/2021 13:45,London Camden,Bonnie Tucker,"Large Flavoured hot chocolate - Hazelnut - 2.90, Large Speciality Tea - Peppermint - 1.60",4.50,CARD,7011672941062020
23/03/2021 13:46,London Camden,Lee Graham,"Regular Hot chocolate - 2.20, Regular Flavoured latte - Vanilla - 2.55",4.75,CARD,6161091885804746
23/03/2021 13:47,London Camden,Jose Currier,Large Hot chocolate - 2.90,2.90,CARD,5827861795313804
23/03/2021 13:48,London Camden,Jennifer Meltzer,Large Flavoured hot chocolate - Vanilla - 2.90,2.90,CARD,5138505994763369
23/03/2021 13:49,London Camden,Joseph Sibert,"Regular Flavoured hot chocolate - Vanilla - 2.60, Regular Flavoured hot chocolate - Hazelnut - 2.60, Regular Flavoured hot chocolate - Hazelnut - 2.60",7.80,CASH,
23/03/2021 13:50,London Camden,Kyle Milian,"Large Iced latte - 2.85, Regular Flavoured hot chocolate - Vanilla - 2.60, Large Chai latte - 2.60, Large Flavoured hot chocolate - Hazelnut - 2.90, Large Chai latte - 2.60",13.55,CARD,5637392390190887
23/03/2021 13:51,London Camden,Joe Cox,Regular Speciality Tea - Peppermint - 1.30,1.30,CARD,7228868903730561
23/03/2021 13:52,London Camden,Rafael Walker,"Regular Luxury hot chocolate - 2.40, Large Speciality Tea - Peppermint - 1.60",4.00,CARD,8577164011899779
23/03/2021 13:53,London Camden,Donna Poulin,"Large Flavoured hot chocolate - Vanilla - 2.90, Large Hot chocolate - 2.90",5.80,CARD,4764205513416417
23/03/2021 13:53,London Camden,Dominique Mcculley,"Large Flavoured hot chocolate - Hazelnut - 2.90, Regular Iced latte - 2.35, Large Hot chocolate - 2.90, Regular Flavoured hot chocolate - Hazelnut - 2.60, Large Flavoured hot chocolate - Hazelnut - 2.90, Regular Iced latte - 2.35",16.00,CASH,
23/03/2021 13:54,London Camden,Laura Monahan,"Large Speciality Tea - Peppermint - 1.60, Large Luxury hot chocolate - 2.70, Regular Speciality Tea - Peppermint - 1.30, Large Iced latte - 2.85",8.45,CARD,1204752595653466
23/03/2021 13:55,London Camden,Lillian Olive,"Large Iced latte - 2.85, Regular Flavoured latte - Vanilla - 2.55, Large Hot chocolate - 2.90, Regular Chai latte - 2.30",10.60,CARD,4876121083729819
23/03/2021 13:56,London Camden,Robert Ramirez,"Regular Flavoured hot chocolate - Hazelnut - 2.60, Regular Speciality Tea - Peppermint - 1.30",3.90,CARD,5096570258656012
23/03/2021 13:57,London Camden,Billy Horner,"Large Luxury hot chocolate - 2.70, Regular Speciality Tea - Peppermint - 1.30, Large Hot chocolate - 2.90, Regular Chai latte - 2.30, Large Chai latte - 2.60",11.80,CARD,7341102354891744
23/03/2021 13:58,London Camden,Louise Dunbar,Regular Chai latte - 2.30,2.30,CASH,
23/03/2021 13:59,London Camden,Luz Marion,"Large Iced latte - 2.85, Large Hot chocolate - 2.90",5.75,CASH,
23/03/2021 14:00,London Camden,Barry Brinkman,"Large Flavoured hot chocolate - Hazelnut - 2.90, Regular Flavoured hot chocolate - Hazelnut - 2.60, Regular Flavoured hot chocolate - Hazelnut - 2.60, Regular Flavoured hot chocolate - Hazelnut - 2.60, Large Chai latte - 2.60, Large Flavoured latte - Vanilla - 2.85",16.15,CASH,
23/03/2021 14:00,London Camden,Mae Leach,"Large Flavoured hot chocolate - Hazelnut - 2.90, Large Iced latte - 2.85, Large Luxury hot chocolate - 2.70",8.45,CARD,6590413109844300
23/03/2021 14:01,London Camden,Marcella Fitzpatrick,Large Luxury hot chocolate - 2.70,2.70,CARD,6230969494262607
23/03/2021 14:02,London Camden,Sarah Gingrich,Large Flavoured latte - Vanilla - 2.85,2.85,CARD,2162612120062780
23/03/2021 14:03,London Camden,Gloria Lim,"Large Hot chocolate - 2.90, Regular Flavoured latte - Vanilla - 2.55, Regular Hot chocolate - 2.20, Regular Speciality Tea - Peppermint - 1.30, Regular Flavoured hot chocolate - Vanilla - 2.60",11.55,CARD,2283045630854378
23/03/2021 14:04,London Camden,Lois Wilson,"Large Iced latte - 2.85, Large Flavoured hot chocolate - Vanilla - 2.90, Large Chai latte - 2.60, Large Flavoured hot chocolate - Vanilla - 2.90",11.25,CARD,4996342564196634
23/03/2021 14:05,London Camden,Tori Hammond,Large Chai latte - 2.60,2.60,CARD,3400237486443585
23/03/2021 14:06,London Camden,Thomas Hinojosa,"Large Hot chocolate - 2.90, Regular Luxury hot chocolate - 2.40, Regular Speciality Tea - Peppermint - 1.30",6.60,CASH,
23/03/2021 14:07,London Camden,George Gaines,"Large Hot chocolate - 2.90, Large Flavoured hot chocolate - Hazelnut - 2.90, Large Speciality Tea - Peppermint - 1.60, Large Iced latte - 2.85",10.25,CARD,4241665210466469
23/03/2021 14:07,London Camden,Roma Oakley,"Regular Luxury hot chocolate - 2.40, Large Flavoured hot chocolate - Vanilla - 2.90",5.30,CARD,4358453210184056
23/03/2021 14:08,London Camden,Xavier Gonzalez,"Large Speciality Tea - Peppermint - 1.60, Large Luxury hot chocolate - 2.70",4.30,CARD,2360959984463516
23/03/2021 14:09,London Camden,Margaret Fendley,Large Speciality Tea - Peppermint - 1.60,1.60,CASH,
23/03/2021 14:10,London Camden,Susan Miyoshi,"Regular Flavoured hot chocolate - Hazelnut - 2.60, Regular Luxury hot chocolate - 2.40, Large Flavoured hot chocolate - Vanilla - 2.90, Regular Iced latte - 2.35, Large Luxury hot chocolate - 2.70",12.95,CARD,5573538460782218
23/03/2021 14:11,London Camden,Donald Perez,"Regular Speciality Tea - Peppermint - 1.30, Large Flavoured hot chocolate - Vanilla - 2.90",4.20,CARD,2477585911707172
23/03/2021 14:12,London Camden,Cynthia Ramos,Large Speciality Tea - Peppermint - 1.60,1.60,CARD,8318778683687042
23/03/2021 14:13,London Camden,Lettie Waldrup,Regular Hot chocolate - 2.20,2.20,CASH,
23/03/2021 14:13,London Camden,Jorge Wise,Large Chai latte - 2.60,2.60,CARD,6683458420463419
23/03/2021 14:14,London Camden,Joseph Paul,"Large Flavoured hot chocolate - Vanilla - 2.90, Large Luxury hot chocolate - 2.70",5.60,CASH,
23/03/2021 14:15,London Camden,Nancy Hawkins,"Regular Luxury hot chocolate - 2.40, Regular Speciality Tea - Peppermint - 1.30, Regular Iced latte - 2.35",6.05,CARD,5858516834159382
23/03/2021 14:16,London Camden,Paul Smith,Large Speciality Tea - Peppermint - 1.60,1.60,CASH,
23/03/2021 14:17,London Camden,Stephanie Ramirez,"Regular Speciality Tea - Peppermint - 1.30, Regular Flavoured hot chocolate - Vanilla - 2.60",3.90,CARD,2198607628614835
23/03/2021 14:18,London Camden,Molly Thompson,Regular Luxury hot chocolate - 2.40,2.40,CARD,5521451429705303
23/03/2021 14:19,London Camden,Pamela Williams,"Regular Flavoured latte - Vanilla - 2.55, Regular Chai latte - 2.30, Regular Flavoured hot chocolate - Hazelnut - 2.60, Regular Speciality Tea - Peppermint - 1.30, Regular Chai latte - 2.30",11.05,CARD,5081552392941358
23/03/2021 14:20,London Camden,Esther Somogyi,"Large Luxury hot chocolate - 2.70, Large Chai latte - 2.60, Large Luxury hot chocolate - 2.70",8.00,CARD,5589939546233740
23/03/2021 14:20,London Camden,Cindy Gallager,"Regular Iced latte - 2.35, Large Flavoured latte - Vanilla - 2.85, Large Hot chocolate - 2.90, Regular Hot chocolate - 2.20, Large Flavoured latte - Vanilla - 2.85",13.15,CARD,3278513973555083
23/03/2021 14:21,London Camden,Graham Watson,"Regular Flavoured latte - Vanilla - 2.55, Regular Iced latte - 2.35, Large Iced latte - 2.85",7.75,CASH,
23/03/2021 14:22,London Camden,Stephanie Keels,"Regular Flavoured latte - Vanilla - 2.55, Regular Flavoured latte - Vanilla - 2.55",5.10,CARD,8975797729213661
23/03/2021 14:23,London Camden,John Cater,"Regular Chai latte - 2.30, Large Speciality Tea - Peppermint - 1.60",3.90,CARD,3929990731655331
23/03/2021 14:24,London Camden,Zaida Sweet,"Regular Luxury hot chocolate - 2.40, Large Chai latte - 2.60, Large Iced latte - 2.85, Large Speciality Tea - Peppermint - 1.60, Regular Hot chocolate - 2.20",11.65,CARD,1560426654507075
23/03/2021 14:25,London Camden,Royce Frankenfield,"Large Flavoured hot chocolate - Vanilla - 2.90, Large Hot chocolate - 2.90, Large Iced latte - 2.85, Regular Flavoured hot chocolate - Hazelnut - 2.60, Regular Hot chocolate - 2.20, Large Flavoured hot chocolate - Vanilla - 2.90",16.35,CASH,
23/03/2021 14:26,London Camden,Harley Valley,"Regular Flavoured latte - Vanilla - 2.55, Large Chai latte - 2.60",5.15,CARD,2295401123337621
23/03/2021 14:26,London Camden,Colleen Nichol,Large Flavoured hot chocolate - Hazelnut - 2.90,2.90,CARD,3860477397276894
23/03/2021 14:27,London Camden,David Jennings,"Large Luxury hot chocolate - 2.70, Large Chai latte - 2.60, Large Speciality Tea - Peppermint - 1.60, Large Hot chocolate - 2.90",9.80,CARD,4527319043886884
23/03/2021 14:28,London Camden,Carol Ratcliff,Regular Iced latte - 2.35,2.35,CARD,1424974854707125
23/03/2021 14:29,London Camden,Ruth Davidson,Large Hot chocolate - 2.90,2.90,CARD,3896066337035136
23/03/2021 14:30,London Camden,John Turner,"Regular Hot chocolate - 2.20, Regular Luxury hot chocolate - 2.40",4.60,CASH,
23/03/2021 14:31,London Camden,Sarah Pleasant,"Large Flavoured hot chocolate - Vanilla - 2.90, Regular Hot chocolate - 2.20, Regular Chai latte - 2.30",7.40,CASH,
23/03/2021 14:32,London Camden,Lauren Bennett,"Regular Flavoured latte - Vanilla - 2.55, Regular Flavoured hot chocolate - Hazelnut - 2.60, Regular Flavoured hot chocolate - Hazelnut - 2.60, Regular Flavoured hot chocolate - Vanilla - 2.60",10.35,CARD,3920200794394240
23/03/2021 14:33,London Camden,Norma Bennett,"Regular Flavoured hot chocolate - Hazelnut - 2.60, Regular Speciality Tea - Peppermint - 1.30",3.90,CARD,3780278260980148
23/03/2021 14:33,London Camden,Frances Bivens,"Large Speciality Tea - Peppermint - 1.60, Large Flavoured hot chocolate - Hazelnut - 2.90, Large Flavoured hot chocolate - Vanilla - 2.90",7.40,CARD,7416128155540939
23/03/2021 14:34,London Camden,John Davis,"Large Iced latte - 2.85, Regular Flavoured hot chocolate - Vanilla - 2.60",5.45,CASH,
23/03/2021 14:35,London Camden,Steven Morris,Large Iced latte - 2.85,2.85,CARD,1718992916183005
23/03/2021 14:36,London Camden,Frances Romon,"Regular Hot chocolate - 2.20, Regular Hot chocolate - 2.20",4.40,CARD,3021264835724165
23/03/2021 14:37,London Camden,Georgina Somerville,"Large Chai latte - 2.60, Large Flavoured hot chocolate - Hazelnut - 2.90, Regular Flavoured hot chocolate - Vanilla - 2.60",8.10,CASH,
23/03/2021 14:38,London Camden,Laura Lucas,"Large Iced latte - 2.85, Regular Speciality Tea - Peppermint - 1.30",4.15,CARD,3950763305056284
23/03/2021 14:39,London Camden,Michael Spellman,Large Flavoured hot chocolate - Hazelnut - 2.90,2.90,CASH,
23/03/2021 14:39,London Camden,Eugene Bartel,"Regular Hot chocolate - 2.20, Large Luxury hot chocolate - 2.70, Regular Luxury hot chocolate - 2.40, Regular Flavoured hot chocolate - Vanilla - 2.60, Large Flavoured latte - Vanilla - 2.85",12.75,CARD,6807222529488990
23/03/2021 14:40,London Camden,Lillian Miller,Large Flavoured latte - Vanilla - 2.85,2.85,CASH,
23/03/2021 14:41,London Camden,Susan Taylor,Regular Hot chocolate - 2.20,2.20,CARD,2581301136668555
23/03/2021 14:42,London Camden,Rolando Morris,"Regular Flavoured latte - Vanilla - 2.55, Large Hot chocolate - 2.90",5.45,CARD,8247445416390923
23/03/2021 14:43,London Camden,Victoria Tallent,"Regular Flavoured hot chocolate - Vanilla - 2.60, Large Luxury hot chocolate - 2.70",5.30,CARD,7387071468883500
23/03/2021 14:44,London Camden,Misty Eldridge,"Large Chai latte - 2.60, Large Speciality Tea - Peppermint - 1.60, Large Flavoured hot chocolate - Hazelnut - 2.90, Regular Iced latte - 2.35",9.45,CASH,
23/03/2021 14:45,London Camden,Willie Haas,"Large Luxury hot chocolate - 2.70, Regular Iced latte - 2.35, Large Speciality Tea - Peppermint - 1.60",6.65,CASH,
23/03/2021 14:46,London Camden,Edward Daniels,"Large Flavoured hot chocolate - Vanilla - 2.90, Large Flavoured latte - Vanilla - 2.85",5.75,CARD,8908272585174689
23/03/2021 14:46,London Camden,Marco Sykes,"Regular Chai latte - 2.30, Regular Hot chocolate - 2.20, Large Speciality Tea - Peppermint - 1.60, Large Chai latte - 2.60, Large Flavoured latte - Vanilla - 2.85",11.55,CARD,8979715462896781
23/03/2021 14:47,London Camden,Edna Horton,"Large Chai latte - 2.60, Regular Hot chocolate - 2.20, Large Speciality Tea - Peppermint - 1.60, Large Flavoured hot chocolate - Vanilla - 2.90",9.30,CASH,
23/03/2021 14:48,London Camden,Gale Frazier,"Large Chai latte - 2.60, Large Flavoured hot chocolate - Hazelnut - 2.90",5.50,CARD,9183225561735521
23/03/2021 14:49,London Camden,John Romero,"Large Flavoured hot chocolate - Hazelnut - 2.90, Regular Flavoured latte - Vanilla - 2.55, Large Hot chocolate - 2.90, Regular Chai latte - 2.30, Large Chai latte - 2.60",13.25,CASH,
23/03/2021 14:50,London Camden,Judith Watson,Large Flavoured latte - Vanilla - 2.85,2.85,CARD,7198774679910516
23/03/2021 14:51,London Camden,Lori Froelich,Large Flavoured hot chocolate - Hazelnut - 2.90,2.90,CARD,2684548191443008
23/03/2021 14:52,London Camden,Steven Payton,"Large Speciality Tea - Peppermint - 1.60, Large Flavoured latte - Vanilla - 2.85",4.45,CASH,
23/03/2021 14:52,London Camden,Minnie Edwards,"Large Flavoured hot chocolate - Vanilla - 2.90, Regular Hot chocolate - 2.20",5.10,CARD,7020519085846283
23/03/2021 14:53,London Camden,Phyllis Batts,"Regular Luxury hot chocolate - 2.40, Regular Speciality Tea - Peppermint - 1.30, Regular Chai latte - 2.30, Large Luxury hot chocolate - 2.70",8.70,CARD,9298709288185606
23/03/2021 14:54,London Camden,David Smith,"Large Luxury hot chocolate - 2.70, Large Speciality Tea - Peppermint - 1.60, Large Hot chocolate - 2.90",7.20,CARD,1679958712287972
23/03/2021 14:55,London Camden,James Hernandez,"Large Luxury hot chocolate - 2.70, Large Flavoured hot chocolate - Hazelnut - 2.90, Large Flavoured hot chocolate - Vanilla - 2.90, Regular Iced latte - 2.35",10.85,CARD,8010446604293413
23/03/2021 14:56,London Camden,Jerry Hicks,"Regular Flavoured hot chocolate - Hazelnut - 2.60, Regular Luxury hot chocolate - 2.40, Regular Chai latte - 2.30, Regular Hot chocolate - 2.20, Regular Flavoured latte - Vanilla - 2.55",12.05,CASH,
23/03/2021 14:57,London Camden,Jeanine Moga,"Large Hot chocolate - 2.90, Large Hot chocolate - 2.90",5.80,CARD,6296956400051718
23/03/2021 14:58,London Camden,Kelle King,"Regular Speciality Tea - Peppermint - 1.30, Regular Hot chocolate - 2.20",3.50,CARD,2780555050027536
23/03/2021 14:59,London Camden,Stephen Marburger,"Regular Iced latte - 2.35, Regular Flavoured hot chocolate - Vanilla - 2.60, Regular Iced latte - 2.35, Regular Luxury hot chocolate - 2.40",9.70,CASH,
23/03/2021 14:59,London Camden,Robert Woods,"Large Flavoured latte - Vanilla - 2.85, Regular Flavoured latte - Vanilla - 2.55, Regular Flavoured hot chocolate - Vanilla - 2.60, Regular Luxury hot chocolate - 2.40",10.40,CASH,
23/03/2021 15:00,London Camden,Jessie Kirk,"Regular Luxury hot chocolate - 2.40, Regular Hot chocolate - 2.20, Regular Luxury hot chocolate - 2.40, Large Flavoured latte - Vanilla - 2.85",9.85,CASH,
23/03/2021 15:01,London Camden,Aaron Mccalley,"Large Speciality Tea - Peppermint - 1.60, Regular Luxury hot chocolate - 2.40",4.00,CARD,8930589590698127
23/03/2021 15:03,London Camden,Gayle Wolf,"Large Speciality Tea - Peppermint - 1.60, Regular Chai latte - 2.30, Large Luxury hot chocolate - 2.70, Regular Speciality Tea - Peppermint - 1.30, Regular Flavoured hot chocolate - Hazelnut - 2.60",10.50,CASH,
23/03/2021 15:04,London Camden,Jacqueline Whitehurst,Regular Speciality Tea - Peppermint - 1.30,1.30,CARD,1279552339100863
23/03/2021 15:05,London Camden,David Wilson,Large Speciality Tea - Peppermint - 1.60,1.60,CARD,5538635871240080
23/03/2021 15:06,London Camden,Warren Franklin,"Large Hot chocolate - 2.90, Regular Flavoured hot chocolate - Hazelnut - 2.60, Regular Speciality Tea - Peppermint - 1.30, Large Flavoured hot chocolate - Vanilla - 2.90",9.70,CARD,5420080603829763
23/03/2021 15:07,London Camden,Nicholas Sharpe,"Large Flavoured hot chocolate - Vanilla - 2.90, Large Flavoured hot chocolate - Vanilla - 2.90",5.80,CARD,4121183063244659
23/03/2021 15:08,London Camden,Kerri Minvielle,Large Iced latte - 2.85,2.85,CARD,7121064835532053
23/03/2021 15:10,London Camden,Gloria Quesnell,"Large Flavoured hot chocolate - Vanilla - 2.90, Large Flavoured hot chocolate - Vanilla - 2.90, Large Speciality Tea - Peppermint - 1.60",7.40,CARD,1464608747918468
23/03/2021 15:11,London Camden,Tina White,"Large Speciality Tea - Peppermint - 1.60, Regular Flavoured latte - Vanilla - 2.55, Large Luxury hot chocolate - 2.70, Large Chai latte - 2.60",9.45,CARD,1378602131714103
23/03/2021 15:12,London Camden,Charmain Ward,"Regular Luxury hot chocolate - 2.40, Regular Hot chocolate - 2.20",4.60,CARD,5952126731590856
23/03/2021 15:13,London Camden,Brandon Harris,Regular Flavoured latte - Vanilla - 2.55,2.55,CASH,
23/03/2021 15:14,London Camden,Phyllis Greco,"Regular Speciality Tea - Peppermint - 1.30, Regular Flavoured latte - Vanilla - 2.55, Regular Chai latte - 2.30, Regular Hot chocolate - 2.20, Large Hot chocolate - 2.90",11.25,CARD,4251259120850693
23/03/2021 15:15,London Camden,Derek Moe,Large Hot chocolate - 2.90,2.90,CARD,7057031430406839
23/03/2021 15:17,London Camden,Joshua Thompson,"Large Hot chocolate - 2.90, Regular Iced latte - 2.35",5.25,CARD,1717878460330083
23/03/2021 15:18,London Camden,Alfredo Edwards,"Large Flavoured hot chocolate - Hazelnut - 2.90, Regular Flavoured hot chocolate - Vanilla - 2.60, Large Luxury hot chocolate - 2.70",8.20,CARD,2415550238649248
23/03/2021 15:19,London Camden,Daniel Silbert,"Regular Flavoured hot chocolate - Hazelnut - 2.60, Regular Speciality Tea - Peppermint - 1.30, Regular Flavoured latte - Vanilla - 2.55",6.45,CARD,8152540673600801
23/03/2021 15:20,London Camden,Mark Sims,Regular Luxury hot chocolate - 2.40,2.40,CARD,6049032425568160
23/03/2021 15:21,London Camden,Gladys Muse,Large Flavoured latte - Vanilla - 2.85,2.85,CARD,8305471437417550
23/03/2021 15:22,London Camden,Juan Thompson,"Regular Chai latte - 2.30, Large Flavoured hot chocolate - Hazelnut - 2.90, Large Chai latte - 2.60",7.80,CASH,
23/03/2021 15:24,London Camden,Scott Witten,"Large Speciality Tea - Peppermint - 1.60, Large Iced latte - 2.85, Large Flavoured latte - Vanilla - 2.85",7.30,CARD,5424423117294628
23/03/2021 15:25,London Camden,Jessie Weidner,"Large Speciality Tea - Peppermint - 1.60, Regular Flavoured latte - Vanilla - 2.55",4.15,CARD,5557232616766281
23/03/2021 15:26,London Camden,Karen Ratliff,Regular Flavoured hot chocolate - Hazelnut - 2.60,2.60,CARD,7552502743242513
23/03/2021 15:27,London Camden,Dennis Cavender,Large Flavoured hot chocolate - Vanilla - 2.90,2.90,CARD,8501328968579774
23/03/2021 15:28,London Camden,Bonnie Croteau,Regular Chai latte - 2.30,2.30,CARD,9646474260823582
23/03/2021 15:29,London Camden,Stanley Jimenez,"Regular Iced latte - 2.35, Regular Flavoured hot chocolate - Hazelnut - 2.60, Regular Flavoured hot chocolate - Vanilla - 2.60, Regular Flavoured latte - Vanilla - 2.55",10.10,CASH,
23/03/2021 15:31,London Camden,Christopher Mitchell,"Regular Chai latte - 2.30, Large Luxury hot chocolate - 2.70, Regular Chai latte - 2.30, Regular Iced latte - 2.35, Regular Iced latte - 2.35",12.00,CARD,2578398711953009
23/03/2021 15:32,London Camden,Jacob Sandoval,"Regular Hot chocolate - 2.20, Regular Chai latte - 2.30, Regular Iced latte - 2.35, Regular Hot chocolate - 2.20",9.05,CASH,
23/03/2021 15:33,London Camden,Sheila Gates,Large Flavoured latte - Vanilla - 2.85,2.85,CARD,9457233869465898
23/03/2021 15:34,London Camden,Martha James,"Large Flavoured hot chocolate - Hazelnut - 2.90, Regular Flavoured latte - Vanilla - 2.55, Regular Hot chocolate - 2.20, Large Flavoured hot chocolate - Vanilla - 2.90",10.55,CARD,5013463460208376
23/03/2021 15:35,London Camden,Stephanie Weist,"Large Chai latte - 2.60, Large Iced latte - 2.85, Regular Hot chocolate - 2.20, Regular Flavoured hot chocolate - Vanilla - 2.60, Large Flavoured hot chocolate - Vanilla - 2.90",13.15,CARD,7933183051592626
23/03/2021 15:36,London Camden,Melvin Ruben,"Large Flavoured hot chocolate - Vanilla - 2.90, Large Flavoured latte - Vanilla - 2.85, Regular Iced latte - 2.35, Regular Hot chocolate - 2.20, Regular Hot chocolate - 2.20",12.50,CARD,2833849002359358
23/03/2021 15:38,London Camden,Marcy Harris,"Large Chai latte - 2.60, Large Flavoured hot chocolate - Vanilla - 2.90, Large Flavoured latte - Vanilla - 2.85, Large Chai latte - 2.60, Regular Iced latte - 2.35",13.30,CARD,5557871882696761
23/03/2021 15:39,London Camden,Jose Biggs,"Large Chai latte - 2.60, Regular Flavoured hot chocolate - Vanilla - 2.60, Large Flavoured latte - Vanilla - 2.85, Large Luxury hot chocolate - 2.70",10.75,CARD,6609706801381309
23/03/2021 15:40,London Camden,Sean Fritch,"Regular Hot chocolate - 2.20, Regular Flavoured hot chocolate - Vanilla - 2.60, Large Flavoured hot chocolate - Vanilla - 2.90, Large Luxury hot chocolate - 2.70",10.40,CASH,
23/03/2021 15:41,London Camden,Bertha Mcevoy,"Regular Hot chocolate - 2.20, Large Iced latte - 2.85, Large Flavoured hot chocolate - Hazelnut - 2.90",7.95,CARD,6620266669863455
23/03/2021 15:42,London Camden,Denise Garrison,Large Speciality Tea - Peppermint - 1.60,1.60,CARD,3785742301769430
23/03/2021 15:43,London Camden,Loretta Fender,Large Chai latte - 2.60,2.60,CASH,
23/03/2021 15:45,London Camden,Jason Hollingsworth,"Large Speciality Tea - Peppermint - 1.60, Regular Flavoured hot chocolate - Hazelnut - 2.60",4.20,CASH,
23/03/2021 15:46,London Camden,Carolyn Darnell,"Regular Speciality Tea - Peppermint - 1.30, Large Flavoured hot chocolate - Hazelnut - 2.90, Regular Hot chocolate - 2.20, Regular Flavoured hot chocolate - Vanilla - 2.60",9.00,CARD,7737601721964507
23/03/2021 15:47,London Camden,Socorro Graham,"Large Flavoured hot chocolate - Vanilla - 2.90, Regular Speciality Tea - Peppermint - 1.30, Regular Iced latte - 2.35, Regular Flavoured hot chocolate - Hazelnut - 2.60",9.15,CARD,2824591493753844
23/03/2021 15:48,London Camden,Virginia Morrow,"Regular Flavoured hot chocolate - Hazelnut - 2.60, Regular Flavoured hot chocolate - Hazelnut - 2.60, Large Flavoured latte - Vanilla - 2.85",8.05,CASH,
23/03/2021 15:49,London Camden,Louis Nagel,Large Luxury hot chocolate - 2.70,2.70,CASH,
23/03/2021 15:50,London Camden,Lisa Abel,Large Chai latte - 2.60,2.60,CARD,4374371692092683
23/03/2021 15:52,London Camden,Lola Joyner,Large Flavoured hot chocolate - Vanilla - 2.90,2.90,CARD,5833982411092704
23/03/2021 15:53,London Camden,Gregory Webster,"Large Chai latte - 2.60, Large Iced latte - 2.85, Large Flavoured hot chocolate - Hazelnut - 2.90, Regular Hot chocolate - 2.20, Large Flavoured hot chocolate - Hazelnut - 2.90",13.45,CASH,
23/03/2021 15:54,London Camden,Darrell Oakland,"Large Flavoured hot chocolate - Vanilla - 2.90, Large Flavoured hot chocolate - Hazelnut - 2.90, Large Flavoured latte - Vanilla - 2.85",8.65,CASH,
23/03/2021 15:55,London Camden,Johnny Herndon,Regular Flavoured hot chocolate - Vanilla - 2.60,2.60,CARD,7515978821047618
23/03/2021 15:56,London Camden,Nicole Howell,"Regular Speciality Tea - Peppermint - 1.30, Regular Flavoured hot chocolate - Hazelnut - 2.60, Regular Hot chocolate - 2.20",6.10,CASH,
23/03/2021 15:57,London Camden,Arlene Tappan,"Large Hot chocolate - 2.90, Large Flavoured latte - Vanilla - 2.85",5.75,CARD,8017841968386408
23/03/2021 15:59,London Camden,Patricia Johnson,"Large Flavoured latte - Vanilla - 2.85, Regular Flavoured hot chocolate - Vanilla - 2.60, Regular Speciality Tea - Peppermint - 1.30, Large Flavoured hot chocolate - Vanilla - 2.90, Regular Luxury hot chocolate - 2.40",12.05,CARD,5550441375211048
23/03/2021 16:00,London Camden,Peter Herron,"Regular Speciality Tea - Peppermint - 1.30, Large Chai latte - 2.60, Large Luxury hot chocolate - 2.70",6.60,CARD,5028993908918651
23/03/2021 16:02,London Camden,Edwin Trimble,Large Flavoured latte - Vanilla - 2.85,2.85,CARD,5403850371607466
23/03/2021 16:04,London Camden,Wayne Jacques,"Regular Speciality Tea - Peppermint - 1.30, Regular Luxury hot chocolate - 2.40, Large Flavoured hot chocolate - Vanilla - 2.90",6.60,CARD,9064612928408751
23/03/2021 16:06,London Camden,Judith Barber,"Regular Hot chocolate - 2.20, Large Speciality Tea - Peppermint - 1.60, Regular Speciality Tea - Peppermint - 1.30, Regular Hot chocolate - 2.20, Regular Chai latte - 2.30",9.60,CARD,8827003548690726
23/03/2021 16:09,London Camden,Dan Mclaughlin,Large Chai latte - 2.60,2.60,CARD,2847661384850369
23/03/2021 16:11,London Camden,Sharon Porter,"Large Flavoured hot chocolate - Hazelnut - 2.90, Large Hot chocolate - 2.90, Large Chai latte - 2.60",8.40,CARD,2148716685502507
23/03/2021 16:13,London Camden,Glenn Ermitanio,Regular Flavoured hot chocolate - Vanilla - 2.60,2.60,CARD,4384304580570062
23/03/2021 16:15,London Camden,Linwood Cooksley,"Large Chai latte - 2.60, Regular Flavoured hot chocolate - Vanilla - 2.60, Regular Iced latte - 2.35, Regular Iced latte - 2.35",9.90,CASH,
23/03/2021 16:18,London Camden,Justin Johnson,"Regular Chai latte - 2.30, Large Flavoured hot chocolate - Hazelnut - 2.90, Regular Flavoured latte - Vanilla - 2.55",7.75,CARD,4974545097007692
23/03/2021 16:20,London Camden,Jane Heredia,"Regular Speciality Tea - Peppermint - 1.30, Large Luxury hot chocolate - 2.70, Large Speciality Tea - Peppermint - 1.60, Large Speciality Tea - Peppermint - 1.60",7.20,CARD,3583544029945859
23/03/2021 16:22,London Camden,Margaret Markovich,Regular Chai latte - 2.30,2.30,CASH,
23/03/2021 16:24,London Camden,Melba Kramer,Regular Iced latte - 2.35,2.35,CARD,1084983139317242
23/03/2021 16:26,London Camden,Donna Nowlin,"Large Flavoured hot chocolate - Hazelnut - 2.90, Large Speciality Tea - Peppermint - 1.60",4.50,CARD,7306037583070115
23/03/2021 16:29,London Camden,Christy Dudley,Large Flavoured latte - Vanilla - 2.85,2.85,CARD,5468615980056193
23/03/2021 16:31,London Camden,Mary Simmering,"Large Flavoured hot chocolate - Vanilla - 2.90, Large Speciality Tea - Peppermint - 1.60",4.50,CASH,
23/03/2021 16:33,London Camden,Pedro Joyce,"Regular Flavoured hot chocolate - Hazelnut - 2.60, Large Flavoured hot chocolate - Vanilla - 2.90, Large Flavoured latte - Vanilla - 2.85, Regular Flavoured hot chocolate - Vanilla - 2.60",10.95,CASH,
23/03/2021 16:35,London Camden,Dianna Holzer,"Regular Flavoured latte - Vanilla - 2.55, Regular Speciality Tea - Peppermint - 1.30, Regular Flavoured hot chocolate - Vanilla - 2.60, Large Hot chocolate - 2.90",9.35,CARD,8418535485156605
23/03/2021 16:37,London Camden,Jennifer Stewart,"Large Flavoured hot chocolate - Hazelnut - 2.90, Large Iced latte - 2.85, Large Luxury hot chocolate - 2.70",8.45,CARD,8606214260181010
23/03/2021 16:40,London Camden,Cleo Jones,"Large Speciality Tea - Peppermint - 1.60, Large Speciality Tea - Peppermint - 1.60",3.20,CASH,
23/03/2021 16:42,London Camden,Glenda Treinen,Regular Flavoured hot chocolate - Hazelnut - 2.60,2.60,CARD,1855116750395788
23/03/2021 16:44,London Camden,Armando Wood,Regular Flavoured hot chocolate - Vanilla - 2.60,2.60,CARD,1577268191873233
23/03/2021 16:46,London Camden,Reginald Roehm,Regular Flavoured latte - Vanilla - 2.55,2.55,CARD,6181995962263532
23/03/2021 16:49,London Camden,Jason Mcdaniel,Regular Luxury hot chocolate - 2.40,2.40,CARD,8157722686736360
23/03/2021 16:51,London Camden,Jonathan Parker,Regular Hot chocolate - 2.20,2.20,CARD,1455778255463902
23/03/2021 16:53,London Camden,Jamie Waters,"Regular Iced latte - 2.35, Large Flavoured hot chocolate - Hazelnut - 2.90",5.25,CASH,
23/03/2021 16:55,London Camden,Carlos Lucas,"Regular Chai latte - 2.30, Large Speciality Tea - Peppermint - 1.60, Large Flavoured latte - Vanilla - 2.85, Large Flavoured hot chocolate - Hazelnut - 2.90",9.65,CASH,
23/03/2021 16:57,London Camden,Lona Heath,"Large Flavoured latte - Vanilla - 2.85, Regular Speciality Tea - Peppermint - 1.30, Regular Flavoured hot chocolate - Vanilla - 2.60, Regular Hot chocolate - 2.20, Large Flavoured latte - Vanilla - 2.85",11.80,CARD,5591535482275063
 